Series Name,Series Code,Country Name,Country Code,1990,2000,2014,2015,2016,2017,2018,2019,2020,2021,2022,2023
GDP deflator (base year varies by country),NY.GDP.DEFL.ZS,Afghanistan,AFG,..,39.9399610071484,92.5668386097134,94.8324703031589,92.7485016686198,94.9778567679371,96.9451792533578,103.267439582288,110.457895899583,113.593791422896,124.278695318734,127.95939969937
GDP deflator (base year varies by country),NY.GDP.DEFL.ZS,Albania,ALB,2.58398934443231,69.5530265332017,105.287060398773,105.880870312261,105.211011366062,106.737340734897,109.903729197689,111.003415842992,111.048999392741,114.873969805373,126.202351522151,133.857848604236
GDP deflator (base year varies by country),NY.GDP.DEFL.ZS,Algeria,DZA,14.9764764794182,92.5802803065482,261.280722213879,248.251319397835,250.378059217594,262.741746045996,278.938929619833,281.401940363062,268.144014604853,310.866326774061,382.214073786173,385.48139653951
GDP deflator (base year varies by country),NY.GDP.DEFL.ZS,American Samoa,ASM,..,..,101.259842519685,102.748091603053,104.192546583851,102.170283806344,103.90243902439,105.718954248366,112.83255086072,118.296529968454,135.038759689922,..
GDP deflator (base year varies by country),NY.GDP.DEFL.ZS,Andorra,AND,43.2982839562958,77.8792564996033,100.737113802681,101.402572054216,101.755245516619,102.911703389108,103.953662239379,105.382768858012,106.556507462058,109.283140047975,113.913086675585,121.084599898998
GDP deflator (base year varies by country),NY.GDP.DEFL.ZS,Angola,AGO,6.76544712697346E-08,16.3176590936026,890.354809013781,859.02869588617,1046.0756278831,1282.64054748492,1643.92310662772,1959.34269601225,2170.22881322863,3012.79241091361,3425.86414711837,4029.48557284815
GDP deflator (base year varies by country),NY.GDP.DEFL.ZS,Antigua and Barbuda,ATG,56.9187001536951,74.3634050413794,96.038592508513,98.716312092808,98.2541210267635,98.5607274322443,100,100.718452311458,101.524269981556,106.512929537286,113.435051657703,118.886145582916
GDP deflator (base year varies by country),NY.GDP.DEFL.ZS,Argentina,ARG,21.3737192502697,59.214529394292,652.007262571679,825.310738210731,1164.67339673925,1467.56277769074,2084.4332574088,3109.88226850322,4356.4191087013,6700.26354104376,11382.1453376826,26790.027581342
GDP deflator (base year varies by country),NY.GDP.DEFL.ZS,Armenia,ARM,0.00192948040175913,58.3379783235321,105.753753195239,107.037508479879,107.324984550164,109.633160635444,112.68941468526,113.890258600166,115.94779169987,123.948784902119,133.847184301684,137.42492428816
GDP deflator (base year varies by country),NY.GDP.DEFL.ZS,Aruba,ABW,50.8675976148706,76.0554028642542,103.958897410193,111.060627987948,109.946912346958,106.452616082952,110.138037089452,116.765941637385,115.654945180086,109.973251540577,113.445414349983,121.056990382611
GDP deflator (base year varies by country),NY.GDP.DEFL.ZS,Australia,AUS,41.1113075066436,48.5575418822483,77.338382412107,76.8559003624732,76.3462246030873,79.1352929841212,80.6143433133086,83.4102120722393,84.9829126135317,87.6003437115981,93.886135821569,100
GDP deflator (base year varies by country),NY.GDP.DEFL.ZS,Austria,AUT,63.5253703550268,76.2643405123135,97.7587487841363,100,101.814750797392,102.807768092574,104.669082412327,106.21157473831,108.965781866192,111.064603509855,116.345479229881,124.079723454602
GDP deflator (base year varies by country),NY.GDP.DEFL.ZS,Azerbaijan,AZE,0.00255493308937798,69.8193639087621,198.248084371587,180.703738380863,207.215507107444,240.727228422171,270.059545007326,269.407869916397,249.48255592103,303.342906315825,416.400509728352,378.064016131239
GDP deflator (base year varies by country),NY.GDP.DEFL.ZS,"Bahamas, The",BHS,35.7628784083296,74.3128576949265,91.796984462243,96.6704240796892,98.2214911308714,99.5458217307584,99.9999207343801,104.593324965567,101.837496880919,100.74596445459,105.079094888269,111.745754152327
GDP deflator (base year varies by country),NY.GDP.DEFL.ZS,Bahrain,BHR,51.8692102217109,56.9827498027634,111.630061337122,101.854981446854,102.218856104903,106.937109038469,111.442063094942,111.625722066045,105.119227879829,114.799029630654,123.809943688221,118.679567093637
GDP deflator (base year varies by country),NY.GDP.DEFL.ZS,Bangladesh,BGD,19.8066330770164,32.3828876197451,73.877545303475,78.216208822529,100,105.047597582037,111.146176583513,115.212056606306,119.63742472873,124.567892016512,130.857352138425,139.882746030917
GDP deflator (base year varies by country),NY.GDP.DEFL.ZS,Barbados,BRB,45.3423672011811,60.9187825447195,101.597421913517,100.976493900885,100,103.367271971129,106.729449794009,109.020341160751,114.595556363426,117.264737550552,118.044521056785,121.800850947101
GDP deflator (base year varies by country),NY.GDP.DEFL.ZS,Belarus,BLR,6.99905118914914E-07,1.66503327888748,65.3100296343187,75.7747390985589,82.0956314923295,89.174690153294,100.00024525894,108.576908509215,121.47334533022,140.090859985965,160.9431916829,172.80185707763
GDP deflator (base year varies by country),NY.GDP.DEFL.ZS,Belgium,BEL,63.9461981742512,77.3395301071591,98.8906071252847,100,101.895289226446,103.916039303492,105.700571020087,107.660514074734,109.378901480354,112.378766165302,120.069946166719,125.482822830393
GDP deflator (base year varies by country),NY.GDP.DEFL.ZS,Belize,BLZ,72.4653996424078,83.274229517786,100,99.6954199340834,101.783320838729,104.870317669651,104.951831765863,104.828161348374,104.144681501874,104.801593315004,112.402274342573,119.719327009408
GDP deflator (base year varies by country),NY.GDP.DEFL.ZS,Benin,BEN,22.8030545081928,67.9890289655435,99.1556851160345,100,100.683591111275,100.313178470008,100.985725781806,100.584253198484,103.479100482781,105.154142621048,109.50624124514,113.213536005662
GDP deflator (base year varies by country),NY.GDP.DEFL.ZS,Bermuda,BMU,32.9331668978271,54.7615421805863,103.011890877215,106.052822570235,110.690728681653,110.58575652825,112.367422425256,115.08598584514,114.614358457867,115.028574784288,116.107803731033,120.875645822198
GDP deflator (base year varies by country),NY.GDP.DEFL.ZS,Bhutan,BTN,15.1002029716552,39.5407124825772,89.2381753760869,92.1025220203875,95.8316730065494,100,101.150862734546,104.294640044813,109.809088054509,118.185339991343,125.034009303165,..
GDP deflator (base year varies by country),NY.GDP.DEFL.ZS,Bolivia,BOL,100,232.277133068375,561.749245624021,535.793047089662,528.53374496317,560.570289172999,577.7028078123,573.699307579664,563.060704572735,585.336059689315,615.331398076281,612.222433547925
GDP deflator (base year varies by country),NY.GDP.DEFL.ZS,Bosnia and Herzegovina,BIH,0.0143648071965301,62.7774702239144,98.6526701878484,100,101.333305967465,103.135728601171,106.014891285743,108.635054290237,108.702562882766,114.099215119623,127.573008995758,136.200394432569
GDP deflator (base year varies by country),NY.GDP.DEFL.ZS,Botswana,BWA,11.7964871778381,30.6797787760939,86.148026845571,89.3616216596857,100.000043304224,97.3501228802643,97.4058041896876,97.9002218652352,102.187266537737,110.752040906925,126.941276942142,129.638372509153
GDP deflator (base year varies by country),NY.GDP.DEFL.ZS,Brazil,BRA,0.000551867231174729,44.2977495727329,135.560076726606,145.816789378239,157.633205078013,163.4205261562,170.763883603534,177.977392101691,189.496978107014,214.221162145944,232.580519745323,243.416433970024
GDP deflator (base year varies by country),NY.GDP.DEFL.ZS,British Virgin Islands,VGB,..,..,..,..,..,..,..,..,..,..,..,..
GDP deflator (base year varies by country),NY.GDP.DEFL.ZS,Brunei Darussalam,BRN,67.4854532536819,64.326797661265,116.030356333135,95.5942275902567,86.8287195406291,91.1313158872878,99.5296360487458,96.2115890535326,85.7593934082057,99.0228798202048,123.022784553177,107.157525589286
GDP deflator (base year varies by country),NY.GDP.DEFL.ZS,Bulgaria,BGR,0.0537646333617965,42.3283168934215,78.3524909583723,80.6621237582597,83.3429771966591,87.3543757943697,91.0715292456321,95.8395673638006,100,106.966624339333,123.993956348981,133.893880873616
GDP deflator (base year varies by country),NY.GDP.DEFL.ZS,Burkina Faso,BFA,46.9449484954342,69.8110699090614,102.27453888171,100,102.604299192266,104.057481090869,105.175023984024,105.71446722428,112.549537364313,112.676564275786,119.312047835802,121.69595925351
GDP deflator (base year varies by country),NY.GDP.DEFL.ZS,Burundi,BDI,14.646986604034,57.8255604200099,233.537927858139,283.325287901007,286.082542856796,318.836655594085,309.747071139955,312.385705566925,331.024205972539,359.216609783849,425.067201198312,473.42297986013
GDP deflator (base year varies by country),NY.GDP.DEFL.ZS,Cabo Verde,CPV,68.9726158330157,70.3128438113478,98.405430958469,100,101.679924792992,102.998625643736,104.753898549544,105.481803212106,105.868035832555,107.297149639892,114.10321214003,118.43068408351
GDP deflator (base year varies by country),NY.GDP.DEFL.ZS,Cambodia,KHM,3.14024383855109,48.360997888482,100,103.069359341416,104.697932320827,106.871992310173,110.950848404298,114.049214543649,113.109128078089,116.101694776364,120.182698177468,121.46035572153
GDP deflator (base year varies by country),NY.GDP.DEFL.ZS,Cameroon,CMR,36.5433855954016,73.4476919895373,99.0357376646821,99.3425421379959,100,101.025141160663,102.941579625263,104.145761213872,104.880584583365,107.944187712518,115.317914255699,120.691409467513
GDP deflator (base year varies by country),NY.GDP.DEFL.ZS,Canada,CAN,61.9572690229339,74.3579914841635,100.87524539044,100,100.716978140661,103.306426407978,105.012137614296,106.6356995625,107.777565582849,116.038570940455,124.919954205826,126.837113376493
GDP deflator (base year varies by country),NY.GDP.DEFL.ZS,Cayman Islands,CYM,..,..,99.6592644091987,100,101.000092332547,103.006760395777,105.749623895744,109.341211103746,109.493599656779,111.842601065476,115.850198383635,120.068212548687
GDP deflator (base year varies by country),NY.GDP.DEFL.ZS,Central African Republic,CAF,68.3715320082759,101.09204748249,149.775395659037,153.831707444311,158.416067824217,168.623933947484,166.559779438768,170.437019697284,173.815355075019,179.352706374979,190.056340390242,196.51816661816
GDP deflator (base year varies by country),NY.GDP.DEFL.ZS,Chad,TCD,36.8519369499682,61.2892628078136,125.792418813764,115.12519998869,113.512480966647,113.544550414599,119.238421043545,122.643911032552,115.953812735451,124.263731185116,143.083624739975,141.743497550527
GDP deflator (base year varies by country),NY.GDP.DEFL.ZS,Channel Islands,CHI,..,..,73.9150781882579,76.1577733378957,77.2213203941925,79.5860743727907,83.015686331078,85.4686063634726,87.890231026973,88.080812288142,94.5620821286595,100.001844720496
GDP deflator (base year varies by country),NY.GDP.DEFL.ZS,Chile,CHL,19.3049728280843,44.1516781938958,85.5660105453307,89.8052634747071,93.9009726511139,98.434691789482,100,102.567787213795,112.481705102267,120.259540425025,129.776620051111,138.341243723846
GDP deflator (base year varies by country),NY.GDP.DEFL.ZS,China,CHN,26.490825141695,52.2042451277459,89.8078125350432,89.8051685089376,91.0690379802766,94.9237007358773,98.2457907080735,99.5099196976254,100,104.552326578976,106.459023424007,105.839012678404
GDP deflator (base year varies by country),NY.GDP.DEFL.ZS,Colombia,COL,7.2740909869111,48.4386000792737,97.6092294031774,100,105.148334305146,110.546372091236,115.665309926839,120.294953383022,122.077393324367,131.602009615523,151.166720491043,160.744730549879
GDP deflator (base year varies by country),NY.GDP.DEFL.ZS,Comoros,COM,57.9122478685797,75.9240090117518,116.752906226233,116.142452070674,118.134279802429,118.609763350194,120.787044749501,125.871099458733,126.714018429374,126.928772728664,133.201507887883,137.088446251532
GDP deflator (base year varies by country),NY.GDP.DEFL.ZS,"Congo, Dem. Rep.",COD,2.67564547965689E-10,28.0010234704378,329.183735903018,325.378771568505,339.530239281663,485.761362834347,636.34064366762,673.855504173913,700.14631070378,804.996263239315,886.352544331233,1003.10229185423
GDP deflator (base year varies by country),NY.GDP.DEFL.ZS,"Congo, Rep.",COG,30.5509930926102,79.7864615343304,161.19445775538,133.381986091124,128.710298982432,144.626198630877,176.78302585854,174.454145494735,150.031318950556,184.974690373882,218.752731353241,202.198175899763
GDP deflator (base year varies by country),NY.GDP.DEFL.ZS,Costa Rica,CRI,4.9486985259893,27.1272563504875,91.7249207176699,95.3528389047708,97.2205767509792,100,102.192478427938,104.815546908869,105.625344746158,108.13302861564,114.924199272791,114.8231549323
GDP deflator (base year varies by country),NY.GDP.DEFL.ZS,Cote d'Ivoire,CIV,21.8564489289281,65.4940926292252,95.4419935384241,100,98.820167564343,97.790780362221,99.4355982794369,101.407756696452,103.261878975611,107.320206480104,109.558797152853,112.760587264459
GDP deflator (base year varies by country),NY.GDP.DEFL.ZS,Croatia,HRV,0.0840001101053206,61.8152242721294,92.1293535696925,92.2439368350615,92.2578777255471,93.3941617062454,95.2859515724762,97.1806001228084,97.961310005256,100,108.012806697807,120.693867331551
GDP deflator (base year varies by country),NY.GDP.DEFL.ZS,Cuba,CUB,65.2892431167553,106.968149700955,154.560976544535,159.876403896507,166.796413014516,173.657735083748,175.450350630732,181.669614643511,211.746768129835,1062.10313672473,1212.4481049825,..
GDP deflator (base year varies by country),NY.GDP.DEFL.ZS,Curacao,CUW,..,77.7356705264218,106.125741385694,105.620065288966,105.570147134593,107.243960941468,110.016002476564,112.904914484912,115.932045258693,120.289956717344,126.3017875544,129.337516509319
GDP deflator (base year varies by country),NY.GDP.DEFL.ZS,Cyprus,CYP,48.8395743622525,75.8379117693459,100.98351321078,100.221861293546,99.64584348502,100.662623366888,101.69517031025,103.068147493417,101.823166606085,104.922572866408,111.940375582245,116.2273587431
GDP deflator (base year varies by country),NY.GDP.DEFL.ZS,Czechia,CZE,24.3431621979577,75.835356984734,98.780518486402,100,101.491233902583,103.199961137066,106.103347345523,110.179114228271,115.155058889161,119.800904973467,130.188962300006,140.810939962756
GDP deflator (base year varies by country),NY.GDP.DEFL.ZS,Denmark,DNK,62.9167327125863,74.9189719908709,99.5925639362935,100,100.426512952506,101.531825977405,102.133932246306,103.105101953382,106.019802406721,108.955405069863,118.867040716559,114.363266031471
GDP deflator (base year varies by country),NY.GDP.DEFL.ZS,Djibouti,DJI,..,..,101.26230441351,103.092216347879,103.404361366269,103.985733289557,104.667896558668,105.138690068451,107.0078559681,108.828093165628,113.855102382414,119.052047898771
GDP deflator (base year varies by country),NY.GDP.DEFL.ZS,Dominica,DMA,70.7524587604725,95.8064653429526,114.916133042191,122.753222294156,127.292512108915,123.380412497591,126.742424883443,132.424650722615,130.923324004885,134.885018173966,139.691020331646,143.694866703558
GDP deflator (base year varies by country),NY.GDP.DEFL.ZS,Dominican Republic,DOM,10.2594783106244,37.4929512186947,149.431253574488,153.125023776997,156.177844399844,162.708225793672,169.41422853961,173.692985902322,181.897381073143,196.04382799964,217.0482688754,230.991275599316
GDP deflator (base year varies by country),NY.GDP.DEFL.ZS,Ecuador,ECU,35.6850390295777,33.6107044357743,101.751313221419,96.1797850860302,97.3061893529542,98.2131138410925,100,99.9434248127307,98.1185014084462,100.128960126474,102.327502801265,101.909805149917
GDP deflator (base year varies by country),NY.GDP.DEFL.ZS,"Egypt, Arab Rep.",EGY,4.81367137359679,10.9530514611368,39.0589050965483,42.9378018915724,45.6195523547674,59.0857507172458,71.597052559679,81.3472078467025,86.3719712663466,90.5585558274096,100,124.825065374374
GDP deflator (base year varies by country),NY.GDP.DEFL.ZS,El Salvador,SLV,38.4910690635986,67.7528325859492,100,101.307617777231,101.973964790965,102.980005721718,104.747413546988,105.635687012894,106.326029240361,110.730132782148,118.639855062969,121.877352843482
GDP deflator (base year varies by country),NY.GDP.DEFL.ZS,Equatorial Guinea,GNQ,34.7152858568039,54.4970295801088,146.363385672317,116.808592573502,109.466679468023,123.415343197791,135.156874446607,130.880930150275,117.572242895367,138.663093380258,169.308203769474,156.360324688556
GDP deflator (base year varies by country),NY.GDP.DEFL.ZS,Eritrea,ERI,..,25.4052045502586,..,..,..,..,..,..,..,..,..,..
GDP deflator (base year varies by country),NY.GDP.DEFL.ZS,Estonia,EST,0.401265278532178,48.9832571914169,98.7104129322129,100,102.438529958905,106.270854394957,111.424010775544,115.683389824614,116.554880320478,122.816592138877,142.200025620568,153.653929319424
GDP deflator (base year varies by country),NY.GDP.DEFL.ZS,Eswatini,SWZ,10.6532520194593,33.3010933094588,79.0011806649699,83.5256036250148,88.9699222110432,94.2156548930375,97.5148721310839,100,104.864031139916,105.040194798486,115.298313638865,117.166409205349
GDP deflator (base year varies by country),NY.GDP.DEFL.ZS,Ethiopia,ETH,8.80453801916606,17.4455088893258,81.7251999043101,90.581386153143,99.9999712390324,106.676824401898,119.885863295834,135.303661045075,160.002790013053,194.824619719042,262.365158400927,348.999951585069
GDP deflator (base year varies by country),NY.GDP.DEFL.ZS,Faroe Islands,FRO,..,..,100.758392528201,105.673940636594,113.986662172573,114.41513208008,113.928434013082,117.915811921863,117.784270998415,120.169925572808,127.114717273822,132.292337253245
GDP deflator (base year varies by country),NY.GDP.DEFL.ZS,Fiji,FJI,36.6479472006361,52.4242375992126,100,102.530898974315,105.230871617988,107.018173089086,108.543950737391,110.224235168419,108.588530246263,105.859631934394,108.45105987287,112.897093883791
GDP deflator (base year varies by country),NY.GDP.DEFL.ZS,Finland,FIN,64.6822913703851,77.1907384244455,98.3935263077394,100,100.055195317211,100.891702586207,102.896480119977,104.421260928382,106.132115710123,108.716021326807,114.640429399754,119.126902491327
GDP deflator (base year varies by country),NY.GDP.DEFL.ZS,France,FRA,71.0223903755546,80.7009205222747,98.8782850807923,100,100.517258225639,101.10663430108,102.233562080931,103.471122936494,106.552470954946,107.85434621083,111.3279379829,117.232295054567
GDP deflator (base year varies by country),NY.GDP.DEFL.ZS,French Polynesia,PYF,65.4760386515306,88.35718293839,108.50656911661,110.633366617931,111.80923199994,111.384966342017,110.044785895727,110.949828625356,112.789648971759,113.013908215974,115.040938160363,..
GDP deflator (base year varies by country),NY.GDP.DEFL.ZS,Gabon,GAB,53.0430064583134,100.168943871362,174.619333032414,159.030764035844,152.240541659403,158.056590337168,169.399770472992,172.021206846481,156.522322211323,188.356472564569,216.154766252134,194.617081396411
GDP deflator (base year varies by country),NY.GDP.DEFL.ZS,"Gambia, The",GMB,9.76610187916806,28.3158298826428,105.211723106828,115.438683908243,124.466707882667,129.347941941404,138.339905653105,146.989202087314,150.206441416124,161.294865459668,175.516356014834,202.900250061158
GDP deflator (base year varies by country),NY.GDP.DEFL.ZS,Georgia,GEO,3.28288146003334E-05,35.3418328557226,80.166793025019,84.4776995305164,86.3994138085896,92.91975724882,96.1578400830737,100,106.847933387699,117.778036386206,127.359809816809,131.114503779338
GDP deflator (base year varies by country),NY.GDP.DEFL.ZS,Germany,DEU,68.9734520959929,81.9148558496433,98.3425370605946,100,101.256258623712,102.742689558581,104.659184117047,106.76908828018,108.642934862269,111.688119611717,118.491999722624,125.770864360606
GDP deflator (base year varies by country),NY.GDP.DEFL.ZS,Ghana,GHA,0.551221330855228,5.11422138101728,123.9399587594,140.365680197901,162.471338214869,179.818903787835,198.823033157826,215.685354366544,235.885527920074,264.442069663318,338.93076731632,451.04847219635
GDP deflator (base year varies by country),NY.GDP.DEFL.ZS,Gibraltar,GIB,..,..,..,..,..,..,..,..,..,..,..,..
GDP deflator (base year varies by country),NY.GDP.DEFL.ZS,Greece,GRC,31.6486787482168,77.6579205661095,100.175059588801,100,99.5100392984036,99.7126549501648,99.478528743377,99.7222668543782,99.3593179592425,100.743151271961,107.287249216459,113.589905906513
GDP deflator (base year varies by country),NY.GDP.DEFL.ZS,Greenland,GRL,73.8801705758781,84.8420019426096,108.629918685899,117.477152678796,121.633238778575,125.606388088377,127.925986820297,128.878860163755,129.784879119182,129.244755600168,..,..
GDP deflator (base year varies by country),NY.GDP.DEFL.ZS,Grenada,GRD,67.1079640663358,89.2129465405263,119.776123034993,123.08001810592,126.334555647621,128.262640159012,127.36010804778,131.598057605103,131.20328239902,134.864270906551,137.055736563285,142.295423162361
GDP deflator (base year varies by country),NY.GDP.DEFL.ZS,Guam,GUM,..,..,102.935779816514,105.532302092812,107.193460490463,108.264314007922,109.858387799564,112.537630600319,117.078962992282,120.884235020361,127.490774907749,..
GDP deflator (base year varies by country),NY.GDP.DEFL.ZS,Guatemala,GTM,19.053566081692,55.545245564405,102.860311606597,105.155764394121,108.002532095705,109.890323591973,111.287702326059,115.255980154376,118.566503068282,122.320818018872,130.045715171025,138.683713121039
GDP deflator (base year varies by country),NY.GDP.DEFL.ZS,Guinea,GIN,13.0231159147107,26.3837793566877,130.131333647409,133.999207626926,141.595557895618,156.259912061973,167.290431169657,183.020595942045,190.798934971693,213.668663635872,219.663315176554,228.278464016284
GDP deflator (base year varies by country),NY.GDP.DEFL.ZS,Guinea-Bissau,GNB,6.50804051959297,66.6683185061801,87.3212490056568,100,102.840727736993,113.532174150096,110.658037627658,113.044423447341,113.394543057008,115.845837441893,120.727910489245,127.235619165434
GDP deflator (base year varies by country),NY.GDP.DEFL.ZS,Guyana,GUY,4.26794200735021,21.9599758343929,97.3692148779217,100.294487466977,101.195308409029,103.329525431445,100.345897861245,103.317329011879,76.1489018137446,93.2197290787268,104.462443469326,91.0207112559976
GDP deflator (base year varies by country),NY.GDP.DEFL.ZS,Haiti,HTI,3.32216808578139,28.6994299433131,110.475363476906,116.226670353091,134.477993739192,153.008896403196,163.009188930186,195.28564065202,231.775126089776,275.720237925865,358.991311689138,472.116521522003
GDP deflator (base year varies by country),NY.GDP.DEFL.ZS,Honduras,HND,25.9319623523415,100,226.493378089383,242.195643894361,251.103764719226,262.435683328713,267.5458753463,276.53204804679,285.939619329505,299.109220694224,326.963452896506,347.165176712661
GDP deflator (base year varies by country),NY.GDP.DEFL.ZS,"Hong Kong SAR, China",HKG,55.6750338645751,84.3369794205313,84.658523483698,87.7431175609529,89.1805877917098,91.7495120350879,95.1071344715393,97.0519959296469,97.6714721390284,98.3391904221939,100,102.777749052229
GDP deflator (base year varies by country),NY.GDP.DEFL.ZS,Hungary,HUN,8.70192700352668,52.0915064825211,97.299224645347,100,101.320471994833,105.403388172955,110.512738775223,115.800801153602,123.199866252498,131.133011305711,149.794997515558,171.888269391334
GDP deflator (base year varies by country),NY.GDP.DEFL.ZS,Iceland,ISL,31.6667565153674,45.3532964398795,94.2911246704179,100,102.260860866933,103.21903782808,105.935362569502,110.656664173755,115.100512004086,122.434746722704,133.313312186273,140.911493918825
GDP deflator (base year varies by country),NY.GDP.DEFL.ZS,India,IND,22.9110382485959,49.4572754437583,118.430336326026,121.130060189769,125.052221196612,130.015866407506,135.065995050452,138.315030740154,144.974702950823,157.087205592193,167.68668534159,169.923710666797
GDP deflator (base year varies by country),NY.GDP.DEFL.ZS,Indonesia,IDN,6.94491611613677,33.7181515317644,123.407704913933,128.319631030817,131.449249420225,137.091942591614,142.326556547384,144.601630186014,144.020835663022,152.667808069412,167.273059180925,169.837478413828
GDP deflator (base year varies by country),NY.GDP.DEFL.ZS,"Iran, Islamic Rep.",IRN,0.624018869160643,7.5210521601129,91.2281372468209,91.4078582086775,100,113.035331167158,148.801048621927,194.237249763401,280.216336581802,438.033209600648,659.613395273288,860.750232158236
GDP deflator (base year varies by country),NY.GDP.DEFL.ZS,Iraq,IRQ,0.0819280900629359,44.7503484617564,148.829595538653,106.026002368229,94.2526938452678,108.061052604278,127.732478082883,124.316349550327,110.367810989078,153.300705318395,194.682442863795,159.270849834249
GDP deflator (base year varies by country),NY.GDP.DEFL.ZS,Ireland,IRL,50.8978582334314,74.1847267596339,91.8202393387635,100,100.119373685791,101.621101435158,102.560422973656,106.038960255681,103.9984107751,105.140420497368,112.250936401059,116.316521116123
GDP deflator (base year varies by country),NY.GDP.DEFL.ZS,Isle of Man,IMN,33.9051306451481,46.1736713975886,100.630998674075,100,102.236786066234,106.326254541559,107.708482226327,109.647238595238,109.421581917938,116.550307048154,..,..
GDP deflator (base year varies by country),NY.GDP.DEFL.ZS,Israel,ISR,30.8908189567447,77.412353357916,97.7187438251424,100,100.378235722738,100.418661309504,101.074914182278,102.997020835382,103.997415416208,106.150372111424,111.166824279568,115.909300431857
GDP deflator (base year varies by country),NY.GDP.DEFL.ZS,Italy,ITA,51.8774625637221,74.3759545856172,99.2233033239242,100,101.248171819512,101.96685333569,103.058491635675,104.137521157959,105.780189306805,107.137689654704,110.951964329247,117.407986125245
GDP deflator (base year varies by country),NY.GDP.DEFL.ZS,Jamaica,JAM,5.08145272455717,49.9744424587711,181.972818018095,194.083851185896,203.136138905103,216.441205293203,227.24863662095,234.48083151398,242.603697820884,260.619353108335,293.972897686366,328.328196750582
GDP deflator (base year varies by country),NY.GDP.DEFL.ZS,Japan,JPN,108.589542723802,110.950626328749,97.9323551711804,100,100.419944376057,100.345282645769,100.345044319313,100.982037837271,101.932732930346,101.7389989412,102.078786724951,105.950653311074
GDP deflator (base year varies by country),NY.GDP.DEFL.ZS,Jordan,JOR,33.0783744216455,45.3484308397422,96.5611569660712,98.656294713497,100,101.783550109713,104.097137844424,104.976087916437,104.232239985791,106.529107885599,109.315986247471,111.27314095268
GDP deflator (base year varies by country),NY.GDP.DEFL.ZS,Kazakhstan,KAZ,0.00138850772086452,56.0940403254069,310.924620851142,316.594486390017,359.773015253436,400.107548107105,436.93987255277,470.292743709789,490.096104707737,558.366859935947,668.750440660249,734.673313327546
GDP deflator (base year varies by country),NY.GDP.DEFL.ZS,Kenya,KEN,6.2112692864993,25.4242985577041,86.4837110425477,94.473642463645,100,107.581934028202,112.116543116457,116.909787955755,122.695481308957,128.009112870216,136.914776561639,145.277260148577
GDP deflator (base year varies by country),NY.GDP.DEFL.ZS,Kiribati,KIR,32.8290300894161,68.2949901786644,94.031637927759,96.9835233742835,98.6483727435971,99.5530152397786,103.397888668174,100,104.458032628643,114.351901886627,111.564622347931,115.322616290053
GDP deflator (base year varies by country),NY.GDP.DEFL.ZS,"Korea, Dem. People's Rep.",PRK,..,..,..,..,..,..,..,..,..,..,..,..
GDP deflator (base year varies by country),NY.GDP.DEFL.ZS,"Korea, Rep.",KOR,44.1611825626963,72.1192796111431,96.9127513033126,100,101.986038505453,104.252965181111,104.756453816308,103.877206387507,105.501582937275,108.416519870982,109.799397055981,112.065737820634
GDP deflator (base year varies by country),NY.GDP.DEFL.ZS,Kosovo,XKX,..,..,115.999215096873,116.704305489928,117.61372865617,118.131251577355,119.90194364905,121.056551572359,122.728472288513,130.233981017813,139.60914861591,145.980599795146
GDP deflator (base year varies by country),NY.GDP.DEFL.ZS,Kuwait,KWT,45.3236621963922,54.729975828615,117.751339271728,87.1850563153032,81.2234804628267,94.4067611015101,105.073941632366,104.957891562362,87.6832080629479,112.915878224539,134.177138289216,124.306115120701
GDP deflator (base year varies by country),NY.GDP.DEFL.ZS,Kyrgyz Republic,KGZ,0.00980827147362363,22.4949808476032,75.4815614654782,78.0685315885704,82.7921182674162,88.0304963529517,91.0652993999675,100,105.340185535087,122.187028540063,146.205680047254,165.820256005497
GDP deflator (base year varies by country),NY.GDP.DEFL.ZS,Lao PDR,LAO,3.17394907934362,38.8092078441139,112.571267107947,115.214998820847,118.697149153009,120.895535208122,123.216595524512,124.692020514079,130.969645430961,135.833135590319,157.25938094331,195.664826956025
GDP deflator (base year varies by country),NY.GDP.DEFL.ZS,Latvia,LVA,0.512968595359654,49.5375335903857,99.6146018745226,100,100.607930746359,103.333640349942,107.198608560881,111.825707120665,114.502063845912,118.277973698975,129.91172582521,138.235061655925
GDP deflator (base year varies by country),NY.GDP.DEFL.ZS,Lebanon,LBN,15.530767302578,78.5710215667211,113.64627112602,117.437265765136,118.460491027314,121.716420650649,128.438194280971,133.69751120119,248.065092840466,620.164510241019,1315.6757774119,..
GDP deflator (base year varies by country),NY.GDP.DEFL.ZS,Lesotho,LSO,17.3502709324305,46.0209606017592,125.758127397218,138.589278414495,138.183972361313,140.97378272687,157.500236162913,163.131585395991,173.813777004366,179.243338858212,189.155593530781,188.459315884456
GDP deflator (base year varies by country),NY.GDP.DEFL.ZS,Liberia,LBR,21.4284668903356,36.9647538534381,93.422981572921,93.4815703249238,100,97.3820658470061,97.177687381259,96.6330777388255,95.2989596413853,100.401529008288,109.102534890314,110.445428497004
GDP deflator (base year varies by country),NY.GDP.DEFL.ZS,Libya,LBY,11.0659883171231,22.6814358661052,98.9933959833476,92.023560753594,96.3415954708641,98.0821642215649,101.610742554939,105.85367453351,100.821259781514,191.969331079449,273.934672176454,259.302533959356
GDP deflator (base year varies by country),NY.GDP.DEFL.ZS,Liechtenstein,LIE,84.4792272686593,102.384432860558,..,..,..,..,..,..,..,..,..,..
GDP deflator (base year varies by country),NY.GDP.DEFL.ZS,Lithuania,LTU,0.156418152708781,66.4526330828658,100.002254917891,100,100.987474343866,105.123710722635,108.9008158542,111.48814722606,113.761107411083,120.586507506278,139.960591368905,152.587494162135
GDP deflator (base year varies by country),NY.GDP.DEFL.ZS,Luxembourg,LUX,46.5851409800993,63.1741241553948,97.8289978034843,100,98.8923830735954,101.011551903111,103.144248298603,104.073305754166,108.549514045937,113.590436590078,120.046402024498,124.164023100098
GDP deflator (base year varies by country),NY.GDP.DEFL.ZS,"Macao SAR, China",MAC,28.4068595365886,45.56456005967,87.5735910851939,91.5266571503452,92.3154173284829,94.2991129310586,97.6399091817592,99.9867296147765,99.7290920643677,98.8524903909029,100,104.63616686121
GDP deflator (base year varies by country),NY.GDP.DEFL.ZS,Madagascar,MDG,10.9047857720947,49.1094981028458,165.989888424558,176.785400504255,192.625515108149,202.182706620469,218.959814091731,233.240571633661,243.295911192439,259.452568396586,277.440327878781,301.560089544115
GDP deflator (base year varies by country),NY.GDP.DEFL.ZS,Malawi,MWI,0.332816599106866,4.79949833825696,62.7460352055818,75.1789545551893,90.4347814322115,100,106.152346985613,114.356391017723,121.467411186438,131.370610872351,153.922780827181,189.027521571592
GDP deflator (base year varies by country),NY.GDP.DEFL.ZS,Malaysia,MYS,40.8570769542744,61.5468273563659,98.7966023208747,100,101.658259966424,105.499885905954,106.158916974927,106.235167643949,105.366155761511,111.346673949326,118.476741645283,116.258554185064
GDP deflator (base year varies by country),NY.GDP.DEFL.ZS,Maldives,MDV,12.4173929240614,23.0534550128897,89.2986543469621,95.838395852663,96.0481633646191,98.1070353927204,101.327119354548,100,96.6346753834925,99.368143572154,102.759505012573,104.695755169716
GDP deflator (base year varies by country),NY.GDP.DEFL.ZS,Mali,MLI,51.4189731559702,99.380272079615,169.907136957833,174.806425180911,177.16827379732,180.595192256104,183.228204984489,186.765502563912,187.759730379258,194.066530902444,205.182340534374,209.749562395222
GDP deflator (base year varies by country),NY.GDP.DEFL.ZS,Malta,MLT,58.6753576546463,68.2169125438771,95.9691902662935,100.000129219089,102.125780244778,104.306192208484,106.18205227368,108.843403045852,110.84389313502,113.533422142925,119.279559714131,125.607004902527
GDP deflator (base year varies by country),NY.GDP.DEFL.ZS,Marshall Islands,MHL,55.8561778156182,74.4850868971601,103.161397670549,100,107.169410515135,109.589743589744,106.951871657754,102.508802816901,109.461294703486,115.787119856887,114.608774310267,122.080979284369
GDP deflator (base year varies by country),NY.GDP.DEFL.ZS,Mauritania,MRT,9.42601733587855,27.1549560261213,74.2629103731867,70.7028143396205,78.6286915597937,79.8741215590831,83.5119543392964,87.9615087017752,93.626998021069,100.616134719765,100,103.371477417011
GDP deflator (base year varies by country),NY.GDP.DEFL.ZS,Mauritius,MUS,26.7110334849757,49.6922198796953,93.210309870537,94.5148168125025,96.7686474175862,98.3522718251104,100.000055134848,99.5342120041577,102.095267535695,105.318619680591,115.393315055969,125.210782337821
GDP deflator (base year varies by country),NY.GDP.DEFL.ZS,Mexico,MEX,5.85710148632517,39.392888526547,81.4573331162764,84.0846815017105,89.1950018656993,95.0529682857042,99.9999999917276,104.319010220043,109.138329544957,114.036428056835,121.445593742262,126.861962386401
GDP deflator (base year varies by country),NY.GDP.DEFL.ZS,"Micronesia, Fed. Sts.",FSM,79.2249730893434,98.1959728469835,138.125340693761,130.873264736738,133.744855967078,146.530612244898,160,154.509803921569,148.8,151.750972762646,168.627450980392,178.988326848249
GDP deflator (base year varies by country),NY.GDP.DEFL.ZS,Moldova,MDA,0.00613399023612624,21.609719213745,89.626362638155,100.000000136295,103.550873972022,110.025357668709,113.55830725706,119.635620817469,126.305317924946,134.365780460824,160.235497783103,174.189430630234
GDP deflator (base year varies by country),NY.GDP.DEFL.ZS,Monaco,MCO,66.7286185417914,76.5495041967986,92.798353909465,93.8501429426235,94.3347210120373,94.8888925933952,95.9466919012696,97.106890459364,100,101.221730136473,104.482034356012,110.022613663413
GDP deflator (base year varies by country),NY.GDP.DEFL.ZS,Mongolia,MNG,0.169809146379376,16.2749094320906,99.3939264323291,100,102.993126760577,114.116844224137,123.20124782975,135.487138998204,140.5092702744,160.770799054486,189.250883758708,230.448961664863
GDP deflator (base year varies by country),NY.GDP.DEFL.ZS,Montenegro,MNE,..,47.1350158740816,104.549644816467,106.870200433971,112.321722924424,116.617997744728,120.380218438958,122.814485445862,122.598815942712,128.393133421311,144.256518675123,159.465440641524
GDP deflator (base year varies by country),NY.GDP.DEFL.ZS,Morocco,MAR,63.1273229978519,86.0008835578071,100,103.172935309671,104.173592965433,104.110160608051,105.087944119287,105.946308180961,106.097194753971,108.659657975174,111.552027257583,118.647794688182
GDP deflator (base year varies by country),NY.GDP.DEFL.ZS,Mozambique,MOZ,..,32.9446986430439,70.9847956682351,75.9962869881332,85.2381128343688,92.0384200472295,95.5313872593929,100.000006750509,103.171668032771,107.866562062975,117.738093673077,123.979792104031
GDP deflator (base year varies by country),NY.GDP.DEFL.ZS,Myanmar,MMR,1.83767047702833,15.4748569256425,95.9495126525151,99.918653013578,103.531389863771,109.612211778514,115.466703746503,121.728385733394,128.23368457803,153.261321282673,162.707914614036,180.260301724266
GDP deflator (base year varies by country),NY.GDP.DEFL.ZS,Namibia,NAM,14.3218980162704,37.6786561691695,96.2792177050214,99.999999657578,107.968671642551,118.67812411933,123.933771721117,125.081789884835,130.874991276751,132.883045962298,141.451149363491,150.523294782904
GDP deflator (base year varies by country),NY.GDP.DEFL.ZS,Nauru,NRU,27.7564690929111,53.118324199372,100.427698869811,92.203323111314,116.407703839613,133.779877418942,158.492283237837,150.99796580137,157.537769128378,186.023081311659,165.929941122383,174.846714718426
GDP deflator (base year varies by country),NY.GDP.DEFL.ZS,Nepal,NPL,16.3899282055643,36.9550688238263,124.642648757663,130.138199770642,139.443516740685,150.963520931677,157.539278241834,164.929691439763,170.236143178984,181.748723540104,196.7269847196,207.382003829814
GDP deflator (base year varies by country),NY.GDP.DEFL.ZS,Netherlands,NLD,62.4358472597251,77.4705158643149,99.1193906554079,100,100.565543724908,102.013010908974,104.597411455706,107.76449941146,110.303140356938,113.33354622489,120.309877578834,129.145125412554
GDP deflator (base year varies by country),NY.GDP.DEFL.ZS,New Caledonia,NCL,100,149.883552081707,..,..,..,100,99.2255721922001,101.640799103589,102.077981570786,107.005942234816,111.121085743639,..
GDP deflator (base year varies by country),NY.GDP.DEFL.ZS,New Zealand,NZL,60.4116633434578,70.2260939875467,98.5765171401773,100,102.41043257432,106.114548838496,107.974871756542,111.306508022189,113.482719054557,118.678142291426,125.30879401437,131.271674588386
GDP deflator (base year varies by country),NY.GDP.DEFL.ZS,Nicaragua,NIC,0.223532228900438,66.3449913112145,189.959470779541,204.376039640042,213.757068816261,222.569640314825,228.486607291771,240.814597252996,253.800787897154,262.792528183076,285.859542466688,316.356908094948
GDP deflator (base year varies by country),NY.GDP.DEFL.ZS,Niger,NER,41.8971083328616,59.5509181348517,97.8000596046225,100,101.792721465576,102.167600370519,104.623388925752,104.59787885306,105.814330994449,109.114305365647,113.499609275866,117.344882881172
GDP deflator (base year varies by country),NY.GDP.DEFL.ZS,Nigeria,NGA,2.28154522324106,27.7728410609572,132.598343181544,136.395515688896,149.412653688506,166.025724255929,183.007640701348,202.012580098559,217.868834463721,239.941199476136,267.081752211291,300.792461706053
GDP deflator (base year varies by country),NY.GDP.DEFL.ZS,North Macedonia,MKD,0.173443613863752,88.8675239640593,129.468879973499,132.062686503689,136.63899252017,140.474485981096,145.989732442654,147.257169582687,149.280896470504,155.678367078639,169.492778606232,182.656379078105
GDP deflator (base year varies by country),NY.GDP.DEFL.ZS,Northern Mariana Islands,MNP,..,..,104.260651629073,110.30303030303,115.384615384615,118.811881188119,123.084200567644,125.961538461538,130.421686746988,131.133428981349,134.809348093481,..
GDP deflator (base year varies by country),NY.GDP.DEFL.ZS,Norway,NOR,43.9013780562487,61.4185841507517,102.885387905718,100,98.4019028364756,102.417634642038,109.323611959332,108.724007570008,105.987140974999,127.410825731976,163.292038719636,145.951798468367
GDP deflator (base year varies by country),NY.GDP.DEFL.ZS,Oman,OMN,41.6544136956115,45.0361234036507,113.537774464927,91.7992956785236,83.4122593238545,89.4996387127234,100,97.3337664465647,86.8377207597468,97.3807320956753,113.925444400919,109.304713360487
GDP deflator (base year varies by country),NY.GDP.DEFL.ZS,Pakistan,PAK,7.57034710602024,30.9320133236896,94.8720643802864,99.0862628228838,100,104.029745993256,108.026346868906,117.787969289243,129.501391787481,142.79774268153,162.699480128513,205.000968045087
GDP deflator (base year varies by country),NY.GDP.DEFL.ZS,Palau,PLW,43.7512280703147,61.5672010867362,90.1550727212607,95.5451005487529,102.678526899711,101.611832530012,102.547269458542,100,97.7225524693622,103.188045927142,113.365792874125,122.709027943499
GDP deflator (base year varies by country),NY.GDP.DEFL.ZS,Panama,PAN,46.7691954684782,55.1940325911885,92.4113900440214,95.1973988036294,97.5535490197598,99.3043364750013,100,100.53835074119,100.041001843023,101.456699326689,103.660143896928,105.429351289143
GDP deflator (base year varies by country),NY.GDP.DEFL.ZS,Papua New Guinea,PNG,15.6940317663354,33.2441338067952,105.437392654128,104.139333494952,106.761401471145,114.981532984968,126.246970169457,127.588043082972,129.673465367825,144.709454228077,166.457578707784,160.428299490716
GDP deflator (base year varies by country),NY.GDP.DEFL.ZS,Paraguay,PRY,8.5160857383264,28.9983938263546,100.00000004973,101.603888060907,105.804959337813,108.089509850963,110.208332520547,113.582778811232,116.086054057161,125.893150203266,136.033164262026,138.84735757134
GDP deflator (base year varies by country),NY.GDP.DEFL.ZS,Peru,PER,3.60873848209806,81.2683668831315,121.984001985842,125.266007054835,129.125305783114,133.79403556878,136.841081428887,139.40304241637,144.587680217236,159.166603245014,166.753218804628,177.702808167667
GDP deflator (base year varies by country),NY.GDP.DEFL.ZS,Philippines,PHL,23.4345153087009,52.9327608641775,93.6917171949971,93.0174340313201,94.2083471578382,96.3942257034852,100,100.697076301045,102.359071662451,104.695395425257,110.441757363863,115.518196243202
GDP deflator (base year varies by country),NY.GDP.DEFL.ZS,Poland,POL,8.53599718391625,70.4188987124249,98.6965044902629,100,100.082862448389,101.854532131266,103.104285459836,106.224681919848,110.727115284487,116.640204587683,129.108549568694,141.434786327285
GDP deflator (base year varies by country),NY.GDP.DEFL.ZS,Portugal,PRT,42.6276629882446,73.5643225809401,98.0753240027976,100,101.854087234314,103.414695772969,105.33032111874,107.262466678683,109.518350191966,111.730375903274,117.682810499395,125.805708685251
GDP deflator (base year varies by country),NY.GDP.DEFL.ZS,Puerto Rico,PRI,44.2576065320745,59.374517896227,93.9644727271727,95.8226619615302,97.9514414356902,100,102.046115685438,104.508337690896,106.99802253029,109.993581866344,113.329774123212,116.996512996382
GDP deflator (base year varies by country),NY.GDP.DEFL.ZS,Qatar,QAT,37.7846397948036,47.7956014796124,121.10102776793,90.6685726141803,82.5295277108578,88.9565721681484,100,95.5440857882136,81.1165272533996,99.3401842127332,125.046361592531,111.67455211318
GDP deflator (base year varies by country),NY.GDP.DEFL.ZS,Romania,ROU,0.0346449468482639,37.0897388683454,182.433346460945,188.388946804441,193.324583813028,202.316703030211,214.833529027904,229.756968985063,239.20116699052,252.620962658531,283.167794623307,319.32814584357
GDP deflator (base year varies by country),NY.GDP.DEFL.ZS,Russian Federation,RUS,0.000884993637892495,14.936797228175,90.6617021254988,97.2344360981971,100,105.349815087676,115.882665065733,119.664070340812,120.738948098629,144.176296540821,168.275759638082,180.178916407102
GDP deflator (base year varies by country),NY.GDP.DEFL.ZS,Rwanda,RWA,9.61153272040095,36.0043840594876,87.5999091969375,88.0255823771837,92.4533766856479,100,99.3966709807931,101.852931988365,108.689134560956,111.794938892804,129.58654166359,142.713819320597
GDP deflator (base year varies by country),NY.GDP.DEFL.ZS,Samoa,WSM,28.9978446454838,65.7030352666859,99.7184469367915,103.67195069319,105.999133564847,106.322330670906,107.489306929598,109.101094247884,110.436065317977,109.992937384054,116.194754184028,126.316344849952
GDP deflator (base year varies by country),NY.GDP.DEFL.ZS,San Marino,SMR,..,89.4995898277276,111.405835543767,110.578424123843,112.034416137749,113.987574674839,116.340615736095,117.404085490811,117.808632749575,119.978000000001,123.295,..
GDP deflator (base year varies by country),NY.GDP.DEFL.ZS,Sao Tome and Principe,STP,1.09751602727267,33.5821374137644,162.553917864464,169.874853943396,181.856928683961,189.27809850933,206.161064181056,229.383805309422,250.643732576239,263.587816803507,305.1836902349,371.373381971524
GDP deflator (base year varies by country),NY.GDP.DEFL.ZS,Saudi Arabia,SAU,36.3688460838293,44.9588951465871,100.410557157873,83.9061271845071,81.9255644803343,87.1584094481062,99.999993101687,97.977252902887,88.9784653120787,100.813224184035,118.943419540491,115.416881943782
GDP deflator (base year varies by country),NY.GDP.DEFL.ZS,Senegal,SEN,44.9726228877316,69.8606348075027,100,101.069784619646,102.035657531319,102.646766253698,101.784898362616,103.907929657529,105.57329719868,107.101266154658,116.448921315799,120.934334861082
GDP deflator (base year varies by country),NY.GDP.DEFL.ZS,Serbia,SRB,..,13.4857304380895,82.6335176716901,84.4259385573192,85.7293295705882,88.2989415811892,90.0649198854737,92.1794921219884,94.6216581590886,100,110.515921949947,125.811582098697
GDP deflator (base year varies by country),NY.GDP.DEFL.ZS,Seychelles,SYC,25.5009087780659,29.2717177173461,100,98.9968135812864,96.7252639116457,98.9813714914881,102.393637441864,102.523626408918,107.886051471381,110.852982551611,112.54059831651,111.491146553549
GDP deflator (base year varies by country),NY.GDP.DEFL.ZS,Sierra Leone,SLE,0.396400385110287,6.93817759004991,63.5664925267004,76.0511663553966,80.5014591916314,87.7111703895921,100,109.91558334837,124.509014340853,133.763718137873,169.816287500401,219.429896997076
GDP deflator (base year varies by country),NY.GDP.DEFL.ZS,Singapore,SGP,72.3029836187647,85.7271955144877,97.0196014916219,100,100.489627028999,103.397838954444,107.124400917736,106.905422958222,104.298437395908,115.003385691598,130.503700732854,126.498503079795
GDP deflator (base year varies by country),NY.GDP.DEFL.ZS,Sint Maarten (Dutch part),SXM,..,..,94.143602479329,97.9166758294011,97.6025154507527,100.09705768955,100,100.759240923004,102.082896592562,106.823318701786,110.520298697648,112.756258497889
GDP deflator (base year varies by country),NY.GDP.DEFL.ZS,Slovak Republic,SVK,24.7716216845775,72.3878429490288,100.186038680987,100,99.6090900610398,100.78634358584,102.91157264409,105.382693307125,107.920076386621,110.341728596261,118.605162508533,130.627564434022
GDP deflator (base year varies by country),NY.GDP.DEFL.ZS,Slovenia,SVN,3.81746173923718,64.7184371460263,99.1402597856523,100,100.88548333031,102.184513795953,104.413112491294,106.854905205442,108.125976607865,111.034526843985,118.270814637717,130.15715658262
GDP deflator (base year varies by country),NY.GDP.DEFL.ZS,Solomon Islands,SLB,12.580820440463,38.457782981361,106.108884867287,109.671780311056,110.05008481296,112.885729587614,121.756148414917,123.267511177347,121.633085896076,114.937494125388,117.255337506655,121.81539108931
GDP deflator (base year varies by country),NY.GDP.DEFL.ZS,Somalia,SOM,3.18554420987834,47.469280548908,62.2822019306019,66.6101629984146,69.3291021777332,69.74350106625,73.213470177689,81.8961605182228,86.2905741301518,92.6662395916661,100,104.572465613199
GDP deflator (base year varies by country),NY.GDP.DEFL.ZS,South Africa,ZAF,13.8135264779694,37.2564359990556,94.7458428172568,100.000000176439,106.95217214959,112.806008890395,117.310685699107,122.722843148459,129.339315561787,137.796413208375,144.675859705926,151.626480693119
GDP deflator (base year varies by country),NY.GDP.DEFL.ZS,South Sudan,SSD,..,..,229.835720958347,270.492125013458,..,..,..,..,..,..,..,..
GDP deflator (base year varies by country),NY.GDP.DEFL.ZS,Spain,ESP,48.8991566746473,73.4674932586434,99.4505933097734,100,100.372182498533,101.634808663111,102.841574384349,104.310842353138,105.493638191694,108.190174141823,113.287959027236,120.351780523097
GDP deflator (base year varies by country),NY.GDP.DEFL.ZS,Sri Lanka,LKA,10.4247901112276,24.5040460356816,97.0738252513892,100,105.443221715261,111.213966113489,115.990946497472,120.480408108813,124.220489554562,134.184327036383,197.873229184121,232.538962432653
GDP deflator (base year varies by country),NY.GDP.DEFL.ZS,St. Kitts and Nevis,KNA,63.0447632865818,78.8738645031551,119.119773131673,118.93366957194,120.362449745851,126.080291229109,125.892431762861,125.986530369846,118.754727120736,114.804983855952,118.731433231323,124.839770638386
GDP deflator (base year varies by country),NY.GDP.DEFL.ZS,St. Lucia,LCA,48.1911222389746,61.6713826415386,93.463418495577,96.4888695583409,96.4351250095573,99.7688823148747,100,102.387071087303,96.8560832635483,108.08481444161,112.646032198319,114.324046486505
GDP deflator (base year varies by country),NY.GDP.DEFL.ZS,St. Martin (French part),MAF,..,..,99.9656357388316,..,..,..,..,104.715636654355,..,107.485717362889,..,..
GDP deflator (base year varies by country),NY.GDP.DEFL.ZS,St. Vincent and the Grenadines,VCT,55.1270796960297,72.1787262171685,97.6724870133222,96.9575499694111,96.3820879819389,98.4750669777893,100,102.312470615646,101.42547177151,101.027429581392,104.466444618809,108.679726912969
GDP deflator (base year varies by country),NY.GDP.DEFL.ZS,Sudan,SDN,1.82352790995577,206.479812970592,2139.40793674555,2439.40764353514,2944.01345174616,3963.30070339588,6181.77117043643,9394.98741404506,20260.5642236232,67977.321927175,147425.188415181,462510.922344082
GDP deflator (base year varies by country),NY.GDP.DEFL.ZS,Suriname,SUR,0.0425621132542116,12.5341515442305,95.370168743931,100,124.06936382588,158.988817218312,167.988528302193,176.688500627301,256.58307633809,415.855823902228,621.385427697411,821.897846148592
GDP deflator (base year varies by country),NY.GDP.DEFL.ZS,Sweden,SWE,61.4188269120784,77.4476384576596,97.7962281811052,100,101.652020011999,103.915354424242,106.633904996946,109.215138700455,111.174090110482,114.220964294468,120.825148660454,128.25477126249
GDP deflator (base year varies by country),NY.GDP.DEFL.ZS,Switzerland,CHE,81.5341318229775,92.4758400072471,101.281265613495,100,99.416708408416,99.0509849418118,99.8080209194182,99.7043252183795,99.007204917118,100.241024751245,102.744203027556,103.795598867965
GDP deflator (base year varies by country),NY.GDP.DEFL.ZS,Syrian Arab Republic,SYR,52.5568604714934,100,482.586129220329,667.004236000145,912.935645054123,1252.73885751758,1417.94930994931,1699.14785728803,2745.59209606055,5992.9160619185,12713.5910863254,..
GDP deflator (base year varies by country),NY.GDP.DEFL.ZS,Tajikistan,TJK,0.00155389575520868,100,871.356860974967,931.186409717782,936.227757557127,1028.02926268784,1053.65009126127,1092.19981804079,1110.28621129111,1221.80901587115,1322.75821003773,1351.70306949344
GDP deflator (base year varies by country),NY.GDP.DEFL.ZS,Tanzania,TZA,4.40950400798481,29.0938169263036,92.9442628187053,100.000000148067,107.472033826728,110.307279272753,113.66212321107,116.254084418822,123.721100525439,127.029777967289,130.539121456213,134.126613118314
GDP deflator (base year varies by country),NY.GDP.DEFL.ZS,Thailand,THA,63.889143872489,96.4874651291056,143.307819422865,144.342664638679,148.147779225714,150.962505534876,153.119135002088,154.672411347264,152.663564647983,155.367346697863,162.773701569878,164.759928322872
GDP deflator (base year varies by country),NY.GDP.DEFL.ZS,Timor-Leste,TLS,26.6307110715388,44.065262227991,93.2812036726704,99.9999937118091,100.141360776179,99.928260505788,98.5665431028443,103.656798784117,83.7270656622502,133.196239305624,148.458565426552,117.529542202448
GDP deflator (base year varies by country),NY.GDP.DEFL.ZS,Togo,TGO,37.0989665496378,71.4189669998334,96.4389099505656,98.5631806912328,100,99.1150484664224,99.5652906884292,99.5771823126909,101.502122386193,104.005537707961,108.327813521577,111.138449380197
GDP deflator (base year varies by country),NY.GDP.DEFL.ZS,Tonga,TON,23.3866898650615,40.0352239414469,87.4355811815994,91.9839432948191,94.7191367918042,100,104.937340881589,109.898783346916,110.380630126563,113.112067992102,115.462570482083,..
GDP deflator (base year varies by country),NY.GDP.DEFL.ZS,Trinidad and Tobago,TTO,40.9089328905268,55.9539919151886,100.722554092075,91.9258347558302,91.2441899378154,98.7386779732585,101.391842796354,97.5264996935728,93.8284087618424,111.743404251733,135.002261257104,121.253788563616
GDP deflator (base year varies by country),NY.GDP.DEFL.ZS,Tunisia,TUN,31.3240519300835,53.641219971057,95.9565624025982,100.000018485074,104.93498299841,109.881498149862,118.589237313959,127.050831071421,135.697520811367,141.826679744973,146.159422341603,159.14954039631
GDP deflator (base year varies by country),NY.GDP.DEFL.ZS,Turkiye,TUR,0.0766203523558659,23.3251006377014,141.958683461453,153.095224254072,165.542597900735,183.723184042899,214.060064204913,243.745393522511,279.79373237886,360.858371794353,707.413034648407,1190.1087789362
GDP deflator (base year varies by country),NY.GDP.DEFL.ZS,Turkmenistan,TKM,1.69294570798168E-05,37.4943685762762,273.754019429738,259.646659603213,247.013284258251,243.203245924758,246.148135515297,256.936198508464,245.760137263143,252.572067620307,280.460779387872,271.251253125031
GDP deflator (base year varies by country),NY.GDP.DEFL.ZS,Turks and Caicos Islands,TCA,..,..,105.269086569421,105.92509021516,108.23892171619,110.636830135749,114.920860247695,113.817685065111,102.287676508561,126.656944007707,140.133625169512,157.9965133009
GDP deflator (base year varies by country),NY.GDP.DEFL.ZS,Tuvalu,TUV,39.37951052132,61.9047619047619,89.5833333333333,92.4528301886792,100,102.969962228369,110.482232193512,117.595900125214,118.643474089806,124.201642901426,131.091799190234,138.962680207613
GDP deflator (base year varies by country),NY.GDP.DEFL.ZS,Uganda,UGA,6.82811823328037,24.7127217349062,86.6994908755232,91.1973389654348,95.5574840065791,100,104.443385271664,107.576699171176,110.504382301799,113.316850658901,118.894630962861,126.917658692282
GDP deflator (base year varies by country),NY.GDP.DEFL.ZS,Ukraine,UKR,4.0428163157607E-05,9.85948973862018,61.4906056023153,85.3991859533563,100,122.098317497802,140.899663973741,152.518569075464,168.220294962594,209.946929966714,283.250499205471,335.596482056202
GDP deflator (base year varies by country),NY.GDP.DEFL.ZS,United Arab Emirates,ARE,38.9029855720888,50.8096322341048,116.554654321473,97.5947016728099,92.198223523747,96.7954234609874,104.47783233038,101.140382624486,88.9718744148615,101.288936375555,114.081621357055,112.593768666088
GDP deflator (base year varies by country),NY.GDP.DEFL.ZS,United Kingdom,GBR,53.2141166376256,73.3661226707136,99.3459059776941,100,101.964151336627,103.855705647966,105.850407233025,108.108144992106,113.480925771653,113.556454843442,119.738360136894,128.477170748081
GDP deflator (base year varies by country),NY.GDP.DEFL.ZS,United States,USA,60.940203834968,74.7280318881458,99.0804906455533,100,100.950322479212,102.75814417028,105.112220503843,106.847061617325,108.266880351916,113.210330412923,121.281639244701,125.645827265005
GDP deflator (base year varies by country),NY.GDP.DEFL.ZS,Uruguay,URY,1.42434493531715,25.7774084500945,84.1569359472426,92.4509557147285,100,105.680171409291,113.633196177109,123.015132456699,136.518064638971,151.781633354677,158.224237845244,163.65286427836
GDP deflator (base year varies by country),NY.GDP.DEFL.ZS,Uzbekistan,UZB,7.78911436012717E-05,7.97756256804895,179.225727796925,198.045682926359,215.731892196611,288.389035205775,363.027458892895,426.83320363371,472.121650193154,536.769141592297,614.400217940481,692.174303170295
GDP deflator (base year varies by country),NY.GDP.DEFL.ZS,Vanuatu,VUT,62.5383569010787,87.3687403742941,126.046605467568,133.437751273117,135.542043363469,142.812636395106,147.392131051631,152.225653812371,156.46565864424,157.560473182775,175.247451178551,195.067975281716
GDP deflator (base year varies by country),NY.GDP.DEFL.ZS,"Venezuela, RB",VEN,6.83399481416459,194.219205953543,5068.09798693893,..,..,..,..,..,..,..,..,..
GDP deflator (base year varies by country),NY.GDP.DEFL.ZS,Viet Nam,VNM,6.02629070402039,30.5619335676941,142.879056681767,140.426520946263,142.981631947039,149.219806374716,154.631482454076,158.37855419817,160.702724872318,165.332197431479,172.030205377658,175.309499001185
GDP deflator (base year varies by country),NY.GDP.DEFL.ZS,Virgin Islands (U.S.),VIR,..,..,94.7130712008502,97.7321237993597,99.7373949579832,100.37037037037,101.869644248247,103.986878627303,108.463708643242,111.504205838694,117.122085735773,..
GDP deflator (base year varies by country),NY.GDP.DEFL.ZS,West Bank and Gaza,PSE,..,60.5978871656552,103.849722739791,100,101.278022483729,104.544659004726,104.228941739988,108.241202855518,110.645133714221,120.552267719366,122.580748321075,117.795658935695
GDP deflator (base year varies by country),NY.GDP.DEFL.ZS,"Yemen, Rep.",YEM,99.9990520485947,607.042829597024,2547.47389940982,3731.44426880556,3736.45973455039,4429.70626363653,5087.67998216372,..,..,..,..,..
GDP deflator (base year varies by country),NY.GDP.DEFL.ZS,Zambia,ZMB,0.281665341285524,23.6283878607846,137.540858081461,146.700105596621,166.616260348068,183.399244810868,196.992009958915,212.029336888599,241.530824495239,302.258382569342,320.818009618509,343.578859100779
GDP deflator (base year varies by country),NY.GDP.DEFL.ZS,Zimbabwe,ZWE,5.12006048838849,3.27701057115791,9.68335053396419,9.71892906687268,9.91467750544283,29.6771025794369,30.7319129404559,100,704.945864228018,1503.61414467397,5518.07072180434,56369.0597062673