Series Name,Series Code,Country Name,Country Code,1990 [YR1990],2000 [YR2000],2014 [YR2014],2015 [YR2015],2016 [YR2016],2017 [YR2017],2018 [YR2018],2019 [YR2019],2020 [YR2020],2021 [YR2021],2022 [YR2022],2023 [YR2023]
Final consumption expenditure (constant 2015 US$),NE.CON.TOTL.KD,Afghanistan,AFG,..,..,..,..,..,..,..,..,..,..,..,..
Final consumption expenditure (constant 2015 US$),NE.CON.TOTL.KD,Albania,ALB,..,5447224861.92824,10360621837.0912,10453745503.384,10708592241.7201,10979647678.4297,11298032383.3326,11754354596.2983,11264957637.9848,11722842259.1702,12361859369.0484,12756456190.2535
Final consumption expenditure (constant 2015 US$),NE.CON.TOTL.KD,Algeria,DZA,48818700452.3493,54973736359.5907,108834281936.302,113187653213.755,115904156890.885,118106335871.811,121177100604.479,124085351018.986,119866449084.34,121664445820.606,125801036978.506,130707277420.668
Final consumption expenditure (constant 2015 US$),NE.CON.TOTL.KD,American Samoa,ASM,..,..,..,..,..,..,..,..,..,..,..,..
Final consumption expenditure (constant 2015 US$),NE.CON.TOTL.KD,Andorra,AND,..,..,..,..,..,..,..,..,..,..,..,..
Final consumption expenditure (constant 2015 US$),NE.CON.TOTL.KD,Angola,AGO,..,..,62734082752.14,62602554388.8522,63755983711.6341,65242051357.9195,63251494660.4605,60878758494.5225,53614384836.2431,54932468308.7285,57681486714.9473,54259869428.1082
Final consumption expenditure (constant 2015 US$),NE.CON.TOTL.KD,Antigua and Barbuda,ATG,..,..,..,..,..,..,..,..,..,..,..,..
Final consumption expenditure (constant 2015 US$),NE.CON.TOTL.KD,Argentina,ARG,194445193455.763,308829967824.856,479669494720.951,499614480942.488,495916395302.588,515354487027.184,504064138330.98,472966405124.2,422847078232.547,461191242724.56,499415182340.281,505006877171.774
Final consumption expenditure (constant 2015 US$),NE.CON.TOTL.KD,Armenia,ARM,..,4686482456.42469,10219610073.7705,9606433469.39208,9404698366.57094,10495643377.1295,10894477825.4834,12169131730.9975,10842696372.2433,10983651424.9758,11455948436.1694,12486983795.4032
Final consumption expenditure (constant 2015 US$),NE.CON.TOTL.KD,Aruba,ABW,..,..,..,2328516759.77654,..,..,..,..,..,..,..,..
Final consumption expenditure (constant 2015 US$),NE.CON.TOTL.KD,Australia,AUS,455442494403.714,628136852540.69,991814666630.334,1016959376203.79,1049677177834.35,1082071588344.63,1114718691916.42,1143107812404.44,1139007324996.13,1168394618076.21,1227723589013.99,1287748340846.94
Final consumption expenditure (constant 2015 US$),NE.CON.TOTL.KD,Austria,AUT,184793390589.283,230929898980.889,271659847584.1,274579530755.78,279263417089.456,283527257375.921,286034858583.92,288454165865.595,272034223861.706,287320936027.42,296622786986.375,296640201900.706
Final consumption expenditure (constant 2015 US$),NE.CON.TOTL.KD,Azerbaijan,AZE,..,..,..,36674819728.1966,..,..,..,..,..,..,..,..
Final consumption expenditure (constant 2015 US$),NE.CON.TOTL.KD,"Bahamas, The",BHS,6190676297.49385,9196659134.8892,8633642504.44783,8882400000,8939809339.40699,9637811795.16274,9662910645.61083,8989253585.53338,7791485559.49083,9080079133.23676,9470936241.34531,10160631124.3796
Final consumption expenditure (constant 2015 US$),NE.CON.TOTL.KD,Bahrain,BHR,..,7715978824.89384,19183068219.9242,19619680851.0638,19522162121.9876,20309766173.996,20614424505.6602,20593231136.7813,19803668525.1662,21029843767.9209,22179284399.2173,23430774755.6951
Final consumption expenditure (constant 2015 US$),NE.CON.TOTL.KD,Bangladesh,BGD,56325377959.433,73378419840.762,143267879757.793,151905105901.957,157068562657.157,167033641338.231,182195289226.141,192263041901.65,197855304968.486,213526213371.909,229272382052.537,235052681371.822
Final consumption expenditure (constant 2015 US$),NE.CON.TOTL.KD,Barbados,BRB,..,..,..,..,..,..,..,..,..,..,..,..
Final consumption expenditure (constant 2015 US$),NE.CON.TOTL.KD,Belarus,BLR,14310133421.738,13402113981.1262,39040196617.1808,38275799495.0392,37337190529.6161,38634119514.54,41025320960.6255,42674587391.5788,42105325711.2817,43606674133.9884,43498688179.6697,46410872369.5133
Final consumption expenditure (constant 2015 US$),NE.CON.TOTL.KD,Belgium,BEL,235054992461.356,284093768000.797,346146645999.649,350351773082.969,354121714815.685,359204853815.488,364781971253.968,370710925215.681,351977272709.969,369957629205.181,382976507008.073,388414845464.681
Final consumption expenditure (constant 2015 US$),NE.CON.TOTL.KD,Belize,BLZ,458421830.58556,1166624786.81069,1655901932.91643,1723000000,1755324616.25924,1757773450.82433,1804791074.47413,1866011938.60148,1592722001.13701,1842503126.77658,2012452245.59409,2055846671.57476
Final consumption expenditure (constant 2015 US$),NE.CON.TOTL.KD,Benin,BEN,3614592604.29399,5540722277.95535,9277893396.92909,9860273434.86625,9944552890.38113,10334890657.3561,10729190849.6484,11136840025.4384,11660446885.4791,12282335299.4847,12863749964.2705,13412696845.4088
Final consumption expenditure (constant 2015 US$),NE.CON.TOTL.KD,Bermuda,BMU,..,..,4053939433.89032,4069755000,4359331098.34178,4118080476.06895,3955474281.16851,3923987389.57499,3596769451.63935,3699840182.23835,3814687644.0956,3911626688.17171
Final consumption expenditure (constant 2015 US$),NE.CON.TOTL.KD,Bhutan,BTN,311490242.969865,478579163.256768,1362025794.6483,1534443605.23437,1498827683.55006,1544928521.89175,1648881172.01538,1668872708.05756,1727669043.13713,1730621532.35495,1789926516.22749,..
Final consumption expenditure (constant 2015 US$),NE.CON.TOTL.KD,Bolivia,BOL,11088856340.3979,15635167661.6215,26807982145.9584,28352112490.7033,29239703372.4412,30631666182.9079,31986495072.6028,33166096692.8149,30805440514.9694,32453134439.0894,33563578179.6621,34589576046.037
Final consumption expenditure (constant 2015 US$),NE.CON.TOTL.KD,Bosnia and Herzegovina,BIH,..,12108052942.6842,16354240450.1977,16613607546.8446,16895631508.3936,17134794827.5354,17475675591.3835,17831042556.4732,17398337106.1507,18075267140.4237,18392913605.5054,18662823137.2754
Final consumption expenditure (constant 2015 US$),NE.CON.TOTL.KD,Botswana,BWA,3139079430.84793,5011418734.78232,10313460772.7799,10504888610.8312,10842663231.2711,10785452419.2898,11227017335.4692,11894170425.5332,12253483842.7958,12634368898.958,12993544417.6312,13636834407.028
Final consumption expenditure (constant 2015 US$),NE.CON.TOTL.KD,Brazil,BRA,744560471311.717,960793821700.076,1552697536595.49,1509201647958.58,1465719178974.36,1485362173619.27,1514918526082.17,1543246080907.55,1475980024828.44,1523969810926.79,1579740836215.06,1623894212930.61
Final consumption expenditure (constant 2015 US$),NE.CON.TOTL.KD,British Virgin Islands,VGB,..,..,..,..,..,..,..,..,..,..,..,..
Final consumption expenditure (constant 2015 US$),NE.CON.TOTL.KD,Brunei Darussalam,BRN,2621656310.77372,3320458599.2449,5796980473.44493,5798884074.20224,5553492424.24711,5898569972.00368,6007626042.18202,6228168701.60538,6504804052.77179,6773940721.48547,7291514479.52269,7643169542.3416
Final consumption expenditure (constant 2015 US$),NE.CON.TOTL.KD,Bulgaria,BGR,36363196517.6405,23413478525.1722,38720216319.8123,39716626389.8344,40553348898.8571,41701637954.7386,43370327842.6226,45592524568.4962,46287261886.0229,49313673645.5033,51744298881.4594,52440816963.3528
Final consumption expenditure (constant 2015 US$),NE.CON.TOTL.KD,Burkina Faso,BFA,3115916461.61914,4983203707.34613,9841695703.89658,10349257331.5084,10909620059.6491,11500449698.6459,11904728025.6961,12543975291.5715,12469581232.1359,13318583660.3659,13986130628.6264,14874442897.6099
Final consumption expenditure (constant 2015 US$),NE.CON.TOTL.KD,Burundi,BDI,..,1441940065.5491,3113663525.54388,3036966131.82934,2997347979.01414,3060046013.29705,3190123566.86357,3329691964.26461,3499482150.76738,3604909744.56948,3727944179.77502,3859221662.23701
Final consumption expenditure (constant 2015 US$),NE.CON.TOTL.KD,Cabo Verde,CPV,..,..,1390682410.16445,1435358362.5426,1548007201.11689,1677158487.21648,1753499946.38061,1868425707.22503,1678166707.77587,1847049368.09115,2023688547.16656,2139169308.41173
Final consumption expenditure (constant 2015 US$),NE.CON.TOTL.KD,Cambodia,KHM,..,6429739444.74805,18248131884.4026,19268748343.556,20165510168.1105,21534719037.2435,22719713763.8898,23574163808.2938,23321072097.4847,23030602667.7688,24095379031.8597,25260768507.4465
Final consumption expenditure (constant 2015 US$),NE.CON.TOTL.KD,Cameroon,CMR,9567252511.34444,13539490013.8534,25858344055.6157,27479191443.536,28163971175.4402,29297036849.3393,30775292219.9073,32010365998.9176,32130643951.7594,33554468512.8751,34531160475.3999,35727308239.9213
Final consumption expenditure (constant 2015 US$),NE.CON.TOTL.KD,Canada,CAN,680652573926.953,832548972597.265,1199973542605.83,1224766888757.13,1249476923875.13,1290264253181.72,1326054073145.56,1345289140688.73,1288320138526.01,1355237045165.59,1416776468078.42,1440673885733.82
Final consumption expenditure (constant 2015 US$),NE.CON.TOTL.KD,Cayman Islands,CYM,..,..,..,..,..,..,..,..,..,..,..,..
Final consumption expenditure (constant 2015 US$),NE.CON.TOTL.KD,Central African Republic,CAF,..,..,1618280684.35959,1648416300.45013,1776155471.61771,1794307130.26943,2377877481.29592,2517591631.59106,2460852782.78921,2512282874.59102,2616974802.13144,2497492561.49174
Final consumption expenditure (constant 2015 US$),NE.CON.TOTL.KD,Chad,TCD,..,..,9374502922.46078,8592251205.92929,8123641553.36783,8167014529.43077,8269278764.16278,8384073323.17819,8452899294.7654,8594965635.94533,8812771468.28232,8977617060.80973
Final consumption expenditure (constant 2015 US$),NE.CON.TOTL.KD,Channel Islands,CHI,..,..,..,..,..,..,..,..,..,..,..,..
Final consumption expenditure (constant 2015 US$),NE.CON.TOTL.KD,Chile,CHL,46099608402.2399,88416315389.6543,177664447993.689,182728804782.277,190177822130.92,197331801789.752,204527196530.077,205973687865,192299552224.039,229819452829.301,235739038340.583,226545466426.664
Final consumption expenditure (constant 2015 US$),NE.CON.TOTL.KD,China,CHN,..,1688795341187.9,5483598786462.72,5972241552156.9,6458784242054.77,6905373247963.2,7436836784282.23,7894606893981.8,7873288268961.31,8573695971725.79,8753032307185.87,9441193659072.57
Final consumption expenditure (constant 2015 US$),NE.CON.TOTL.KD,Colombia,COL,95698445316.7984,132119573407.301,236391543426.277,244439959631.549,248415476767.429,254204413279.418,264298214814.783,275644121884.779,264028317321.155,300375121007.037,327126704068.081,330286693101.592
Final consumption expenditure (constant 2015 US$),NE.CON.TOTL.KD,Comoros,COM,555572239.954787,677611647.13432,996117625.8955,1003651770.32706,1037726423.18558,1083149551.2823,1106525685.75391,1148030635.95378,1193152846.96783,1204624290.62643,1210145354.31191,1234362291.27186
Final consumption expenditure (constant 2015 US$),NE.CON.TOTL.KD,"Congo, Dem. Rep.",COD,..,14249931607.0945,30513783928.5914,32364345622.4555,31698649821.423,31327256736.8331,32108467925.5176,33901190577.2032,33585421087.8553,35551654501.3029,37246500798.8374,37904380108.0819
Final consumption expenditure (constant 2015 US$),NE.CON.TOTL.KD,"Congo, Rep.",COG,1893019728.50905,2545996018.74858,6963596533.47388,7314681043.4052,7001147075.33997,5409547251.30999,5570364366.80535,5963832941.06411,5048714746.05278,5549306816.76306,5739660384.20887,5985660825.58836
Final consumption expenditure (constant 2015 US$),NE.CON.TOTL.KD,Costa Rica,CRI,17142045288.4945,24435854364.0536,44364139682.272,46230741872.6044,47831041510.6769,50132532888.3451,50970066063.6897,52260207477.1286,49475220003.0816,52877245798.9369,54223474469.9547,56421029314.7766
Final consumption expenditure (constant 2015 US$),NE.CON.TOTL.KD,Cote d'Ivoire,CIV,..,24019647401.0732,31288830022.8319,34185724112.6511,36296271737.6,38623372947.6543,40888165738.7089,43105997249.3224,43719176103.1671,46088495550.4049,48571325369.8259,50057774695.8224
Final consumption expenditure (constant 2015 US$),NE.CON.TOTL.KD,Croatia,HRV,..,32457884222.6621,40916820048.5568,40962014052.9254,42011764715.6466,43203554001.2864,44450410865.1639,46139419110.9137,44849598908.1092,48613568483.4291,51313363050.5767,53417831576.9084
Final consumption expenditure (constant 2015 US$),NE.CON.TOTL.KD,Cuba,CUB,49776514965.5064,42655653639.8718,72885133913.0435,76616000000,78818052540.0458,80250438627.0023,81835355423.3409,82236844302.0595,74759333089.2448,76563403203.6613,77999295743.7071,..
Final consumption expenditure (constant 2015 US$),NE.CON.TOTL.KD,Curacao,CUW,..,..,..,2598603351.95531,..,..,..,..,..,..,..,..
Final consumption expenditure (constant 2015 US$),NE.CON.TOTL.KD,Cyprus,CYP,6747660723.13762,11882647470.3258,16256659188.7726,16707695363.1215,17408226762.4319,18140747792.5997,19151281562.7426,20243227012.755,19702585220.7016,20944901571.144,22728588239.2792,23879674801.9721
Final consumption expenditure (constant 2015 US$),NE.CON.TOTL.KD,Czechia,CZE,91145128634.5851,93534372275.014,122942752294.324,126748757558.819,130887425214.696,135753807246.303,140550031729.255,144691078774.328,139756918583.261,144416082036.689,145114998567,143688332699.832
Final consumption expenditure (constant 2015 US$),NE.CON.TOTL.KD,Denmark,DNK,146657385980.758,180655725246.691,215847452917.269,220157815817.228,224890346126.936,229629188652.473,235630132930.148,239178204061.122,235650317514.062,250183363445.253,244605818758.48,247030354265.44
Final consumption expenditure (constant 2015 US$),NE.CON.TOTL.KD,Djibouti,DJI,..,..,1810784454.92583,1975073574.87298,2264443760.42154,2461701025.71615,2480887560.5986,2573232136.85892,2784088878.00362,2976530664.3716,2868993533.66515,3013855163.15915
Final consumption expenditure (constant 2015 US$),NE.CON.TOTL.KD,Dominica,DMA,..,..,..,539851851.851852,..,..,..,..,..,..,..,..
Final consumption expenditure (constant 2015 US$),NE.CON.TOTL.KD,Dominican Republic,DOM,17337988728.226,28862943981.1182,54264957661.8232,57789944145.1409,60978722647.626,63357364554.2707,66709016788.7555,69951824964.6635,68406786440.4892,72234847822.7552,75796653399.4698,77682626841.0719
Final consumption expenditure (constant 2015 US$),NE.CON.TOTL.KD,Ecuador,ECU,39002450943.6507,45161987312.0748,74165580427.9739,77410530000,73147488880.7019,77877848841.2323,79774057981.7072,80686891996.0211,73144937721.9903,79753033388.3194,84814150528.3659,86341194840.1064
Final consumption expenditure (constant 2015 US$),NE.CON.TOTL.KD,"Egypt, Arab Rep.",EGY,109721477703.838,163010792326.719,300052572165.634,310229110512.129,324470629073.696,337623009336.372,341613638950.675,347183462913.075,372903239299.467,395171117171.745,406799470889.59,420127616306.775
Final consumption expenditure (constant 2015 US$),NE.CON.TOTL.KD,El Salvador,SLV,13039937733.9678,18136497268.3937,23149017891.8709,23806450000,24158315071.9564,24498605634.9669,24841211099.7666,25211595386.0366,23859692741.1513,26112092182.0303,26582017245.2353,27480199139.4399
Final consumption expenditure (constant 2015 US$),NE.CON.TOTL.KD,Equatorial Guinea,GNQ,..,..,7951429672.36084,8024648389.14605,8003922643.41882,8191998055.31675,8418229683.33665,8622010594.40371,7952508520.3879,8174463907.05059,8583612333.93315,9000443125.71172
Final consumption expenditure (constant 2015 US$),NE.CON.TOTL.KD,Eritrea,ERI,..,..,..,..,..,..,..,..,..,..,..,..
Final consumption expenditure (constant 2015 US$),NE.CON.TOTL.KD,Estonia,EST,..,9372214047.45273,15980447305.2187,16667105971.5074,17303541427.2891,17678602274.3488,18326755295.7683,19061592340.3066,19150435475.5105,20334382257.4289,20660562404.5793,20512258254.541
Final consumption expenditure (constant 2015 US$),NE.CON.TOTL.KD,Eswatini,SWZ,..,..,..,..,..,..,..,..,..,..,..,..
Final consumption expenditure (constant 2015 US$),NE.CON.TOTL.KD,Ethiopia,ETH,..,..,47510278518.0268,51838247965.8982,54464778731.9585,59148823545.1702,60190019559.3962,67087267169.4149,72434179322.3935,78195018096.0018,80621662263.861,85224252355.7999
Final consumption expenditure (constant 2015 US$),NE.CON.TOTL.KD,Faroe Islands,FRO,..,..,..,1935847210.72987,..,..,..,..,..,..,..,..
Final consumption expenditure (constant 2015 US$),NE.CON.TOTL.KD,Fiji,FJI,..,..,..,3797374227.81222,..,..,..,..,..,..,..,..
Final consumption expenditure (constant 2015 US$),NE.CON.TOTL.KD,Finland,FIN,125502550623.047,142170762778.906,181296625353.906,183670982939.844,186476941040.234,187147086826.172,189757770657.812,191807040966.797,187562044647.266,193948400845.703,194952510011.719,197458899631.64
Final consumption expenditure (constant 2015 US$),NE.CON.TOTL.KD,France,FRA,1256820957713.51,1522931752987.7,1887596975747.76,1914935259092.93,1946784971635.62,1976440713417.16,1995992880210.6,2025520337892.7,1908183655688.95,2016872215257.44,2077373820041.67,2093868341283.04
Final consumption expenditure (constant 2015 US$),NE.CON.TOTL.KD,French Polynesia,PYF,..,..,..,5135838128.3077,..,..,..,..,..,..,..,..
Final consumption expenditure (constant 2015 US$),NE.CON.TOTL.KD,Gabon,GAB,3496660585.5211,3809489709.23741,7545046924.96174,7573397799.37846,7627332912.88423,7620322936.541,7127572799.02538,7284484333.10837,7276321160.00154,7260766426.36123,7320381896.89359,7334412261.56129
Final consumption expenditure (constant 2015 US$),NE.CON.TOTL.KD,"Gambia, The",GMB,..,..,1229749836.28316,1240190919.87693,1250954159.94296,1351762461.923,1476231169.38993,1547901168.32738,1571513428.4843,1659215598.96715,1694134830.85453,1630140874.87536
Final consumption expenditure (constant 2015 US$),NE.CON.TOTL.KD,Georgia,GEO,..,..,13252950198.6256,13680883181.1159,13800357173,14774135650.3306,15161990645.1374,15879952324.7552,17399806951.0171,19394722582.1967,18904677041.8087,19863749569.6223
Final consumption expenditure (constant 2015 US$),NE.CON.TOTL.KD,Germany,DEU,1761016133926.83,2186253930353.65,2443460271119.94,2503336240446.87,2571282455934.14,2610592331222.05,2644695597587.15,2698063314081.91,2603303081171.04,2672030282782.01,2776162405762.57,2767831831264.17
Final consumption expenditure (constant 2015 US$),NE.CON.TOTL.KD,Ghana,GHA,..,..,39703629452.7931,40092097811.8484,39741225731.4722,41495195871.6028,42995888353.5319,48702995263.505,49875338370.5677,53671492108.2701,56396760017.0953,60388624517.3382
Final consumption expenditure (constant 2015 US$),NE.CON.TOTL.KD,Gibraltar,GIB,..,..,..,..,..,..,..,..,..,..,..,..
Final consumption expenditure (constant 2015 US$),NE.CON.TOTL.KD,Greece,GRC,136514783383.187,166253626570.721,171492258254.581,172952177506.323,173520947099.444,176478005322.357,178200009271.071,182630708091.645,175090314250.282,182613900080.865,194606047968.928,198433443607.66
Final consumption expenditure (constant 2015 US$),NE.CON.TOTL.KD,Greenland,GRL,..,..,2101347245.2575,2097041472.18444,2131341422.96647,2158752136.8316,2208829090.08135,2262090690.58514,2243681479.67276,2293498461.7181,..,..
Final consumption expenditure (constant 2015 US$),NE.CON.TOTL.KD,Grenada,GRD,..,..,..,..,..,..,..,..,..,..,..,..
Final consumption expenditure (constant 2015 US$),NE.CON.TOTL.KD,Guam,GUM,..,..,..,..,..,..,..,..,..,..,..,..
Final consumption expenditure (constant 2015 US$),NE.CON.TOTL.KD,Guatemala,GTM,22148258837.0547,33759156656.5774,56690987344.1866,59328915199.1263,61252729543.5522,63176040288.2907,65702704570.2518,68617754461.9012,67712783198.7894,73173515348.1456,76570883566.2463,79849361482.8562
Final consumption expenditure (constant 2015 US$),NE.CON.TOTL.KD,Guinea,GIN,..,..,8467539717.9392,9259030497.05583,9775805652.80752,9893006321.45496,10361767008.2385,10875647597.6179,11147097707.3796,11427308665.7398,11594446458.8778,11984301861.7352
Final consumption expenditure (constant 2015 US$),NE.CON.TOTL.KD,Guinea-Bissau,GNB,..,662892562.893774,908551190.913682,1029106836.11,1087838759.23917,1137483046.38587,1247050764.54695,1374467052.57852,1363472682.84262,1493837153.4049,1587740911.03996,1563089842.65058
Final consumption expenditure (constant 2015 US$),NE.CON.TOTL.KD,Guyana,GUY,..,..,..,..,..,..,..,..,..,..,..,..
Final consumption expenditure (constant 2015 US$),NE.CON.TOTL.KD,Haiti,HTI,7287352044.46199,11628467001.321,14710913459.6755,15491959967.0508,16385730047.2674,17163453193.8545,17868949284.9647,17577206148.0981,17065384051.6584,17392317714.0638,17562260761.0403,17637715417.2912
Final consumption expenditure (constant 2015 US$),NE.CON.TOTL.KD,Honduras,HND,7546531147.14718,10411254952.7962,18589143921.1986,19262156715.5423,20044351548.6146,20970769208.581,21989677846.6439,22990665922.7355,21556730988.3003,25045139462.2858,26111673878.6361,27302991081.8391
Final consumption expenditure (constant 2015 US$),NE.CON.TOTL.KD,"Hong Kong SAR, China",HKG,90903187308.2065,137970051506.775,225009241535.293,235347373173.799,240493700479.872,252879725161.881,265919572694.964,265778566294.873,244274892829.092,258005424304.023,256601652231.626,270926588869.07
Final consumption expenditure (constant 2015 US$),NE.CON.TOTL.KD,Hungary,HUN,..,67827861061.638,83345214037.0347,86063791359.7594,89140683593.9248,93031308565.9564,96893945387.6653,101992661075.958,101126685938.801,104917161447.379,111005994647.955,109810458861.751
Final consumption expenditure (constant 2015 US$),NE.CON.TOTL.KD,Iceland,ISL,7509118212.10624,10158312758.9256,12428836982.2255,12807031664.3386,13428794134.3876,14282846196.7496,14968967468.5255,15334879389.3891,15276933991.872,16089242740.7535,17095255235.7059,17257594787.4999
Final consumption expenditure (constant 2015 US$),NE.CON.TOTL.KD,India,IND,382719692825.365,614453917293.811,1354230578376.09,1460638605841.84,1574860693605.71,1686385553862.93,1804923943364.57,1894813489203.35,1807692695769.56,1985229583338.47,2126076329165.44,2206744817874.19
Final consumption expenditure (constant 2015 US$),NE.CON.TOTL.KD,Indonesia,IDN,177893724943.939,282700900739.41,551442562557.532,578489151870.472,603630070078.533,631477435307.865,663664471765.925,696337334111.67,681893329164.162,697543756218.583,723475262454.769,757415891443.514
Final consumption expenditure (constant 2015 US$),NE.CON.TOTL.KD,"Iran, Islamic Rep.",IRN,128839579037.189,172017816978.862,277674142986.456,282303039398.043,295848836439.386,298784201555.387,293266333117.032,278803470891.387,279369023053.976,293048850886.308,310024979510.446,318957287693.523
Final consumption expenditure (constant 2015 US$),NE.CON.TOTL.KD,Iraq,IRQ,..,..,136359515906.713,123988464055.965,126317922564.785,127848402265.799,135486217221.657,146156219555.486,136301797241.452,140654334875.54,149713764549.598,..
Final consumption expenditure (constant 2015 US$),NE.CON.TOTL.KD,Ireland,IRL,57078605513.3902,96511344930.2695,128943448555.842,132976343734.125,138716694928.099,143436053498.401,150732971392.994,156346478635.26,149611205042.005,161774769343.13,175605486604.196,183789252575.933
Final consumption expenditure (constant 2015 US$),NE.CON.TOTL.KD,Isle of Man,IMN,..,..,..,..,..,..,..,..,..,..,..,..
Final consumption expenditure (constant 2015 US$),NE.CON.TOTL.KD,Israel,ISR,84784085588.0966,142414145019.51,219282266026.328,226920941897.861,239857558080.7,248524906822.178,257654096308.049,267089698726.47,255419481325.844,279170274859.569,293606895673.428,298782216114.232
Final consumption expenditure (constant 2015 US$),NE.CON.TOTL.KD,Italy,ITA,1255798550460.91,1451465015375.05,1454072868839.31,1473872263952.11,1487052575880.59,1501814049081.93,1507564585604.24,1505783365843.04,1385584040525.32,1453504359981.72,1509565396828.21,1528043235603.81
Final consumption expenditure (constant 2015 US$),NE.CON.TOTL.KD,Jamaica,JAM,..,..,13483136337.6067,13468460339.6494,13477999738.3216,13626227317.6903,13734917059.7049,13891024252.2625,..,..,..,..
Final consumption expenditure (constant 2015 US$),NE.CON.TOTL.KD,Japan,JPN,2438134387420.52,2909618786303.49,3339823665939.1,3350968358065.59,3354466258912.89,3381195403798.12,3395914709356.01,3397279511121.87,3308261103653.1,3358039757047.6,3425672315975.96,3441052936287.29
Final consumption expenditure (constant 2015 US$),NE.CON.TOTL.KD,Jordan,JOR,..,..,..,37597183098.5916,..,..,..,..,..,..,..,..
Final consumption expenditure (constant 2015 US$),NE.CON.TOTL.KD,Kazakhstan,KAZ,71735986752.1961,37776623840.1196,118252030132.653,120498818705.321,122185802167.367,124140775002.044,127492575922.545,136927026542.829,135770169027.234,142215028508.492,146721175361.367,154956294932.368
Final consumption expenditure (constant 2015 US$),NE.CON.TOTL.KD,Kenya,KEN,22615351238.9879,32774377493.9356,57914043367.5611,61876693045.8764,64732103395.4254,68032145748.6939,71469409337.5545,75109065654.6916,74474405111.3194,79057926275.0623,82098806156.9812,86789518094.7744
Final consumption expenditure (constant 2015 US$),NE.CON.TOTL.KD,Kiribati,KIR,..,..,260592543.528,278672542.995628,308518675.482644,320333877.673141,327119322.390019,348454731.796654,330072298.905023,375766338.140574,423669268.30542,..
Final consumption expenditure (constant 2015 US$),NE.CON.TOTL.KD,"Korea, Dem. People's Rep.",PRK,..,..,..,..,..,..,..,..,..,..,..,..
Final consumption expenditure (constant 2015 US$),NE.CON.TOTL.KD,"Korea, Rep.",KOR,314019907997.904,555044177363.771,909251449552.479,932753851289.068,960994029369.049,990341150490.405,1027048262415.97,1059776427391.95,1035974013055.37,1078547242258.18,1122755907078.33,1141399041958
Final consumption expenditure (constant 2015 US$),NE.CON.TOTL.KD,Kosovo,XKX,..,..,6143806343.73499,6213068736.57489,6351987564.88612,6531886054.23503,6839101005.52485,7264541365.91416,7441381002.7574,8003314253.83252,8244121947.3231,8530317170.89526
Final consumption expenditure (constant 2015 US$),NE.CON.TOTL.KD,Kuwait,KWT,..,..,74191058597.4582,75329828887.6261,76047137807.9374,78310896865.7812,82113326063.7305,85743922041.2654,79041313711.2591,85540443553.0518,86498162854.2159,..
Final consumption expenditure (constant 2015 US$),NE.CON.TOTL.KD,Kyrgyz Republic,KGZ,..,..,7280878029.89485,7232596240.87999,7212024465.96723,7602767342.84033,7936077639.82189,7994467033.16144,7592556900.82826,8751146005.00518,10061210080.979,10956343675.2117
Final consumption expenditure (constant 2015 US$),NE.CON.TOTL.KD,Lao PDR,LAO,..,3376017516.54381,11907999202.0184,12455275068.7774,12912877569.0094,..,..,..,..,..,..,..
Final consumption expenditure (constant 2015 US$),NE.CON.TOTL.KD,Latvia,LVA,..,12301090642.9441,19930370890.514,20295630300.698,21021150765.4937,21657768181.3894,22355200217.8461,22634151729.7812,22051501020.8855,23561203006.5172,24585236805.0227,24849482833.1055
Final consumption expenditure (constant 2015 US$),NE.CON.TOTL.KD,Lebanon,LBN,9049351183.19779,25464671220.7931,50011913481.099,51595443854.063,52813414113.1301,53610368616.4828,52976618618.7923,52228316843.3288,40819088965.2232,37971287848.1802,39216752700.6697,..
Final consumption expenditure (constant 2015 US$),NE.CON.TOTL.KD,Lesotho,LSO,281339298.2005,1138201875.14455,2557618935.52912,2678304154.16464,2670764834.80337,2759118550.65966,2703080706.50516,2658680880.36748,2656324557.77594,2600169298.3379,2594203779.14476,2759436782.13502
Final consumption expenditure (constant 2015 US$),NE.CON.TOTL.KD,Liberia,LBR,..,..,..,..,..,..,..,..,..,..,..,..
Final consumption expenditure (constant 2015 US$),NE.CON.TOTL.KD,Libya,LBY,..,..,48195177031.6448,46314753006.4219,41001407755.2016,35221527633.2334,30726978780.8813,32916341166.6358,35992827570.543,35582121009.6348,35156353591.5269,37054806584.0566
Final consumption expenditure (constant 2015 US$),NE.CON.TOTL.KD,Liechtenstein,LIE,..,..,..,..,..,..,..,..,..,..,..,..
Final consumption expenditure (constant 2015 US$),NE.CON.TOTL.KD,Lithuania,LTU,..,19463433500.0074,31534218114.193,32581229924.6633,33555057155.3551,34350364871.4582,35328135310.9633,36089000418.4027,35084061336.7449,37316866158.5836,37988871488.1258,37873219192.9457
Final consumption expenditure (constant 2015 US$),NE.CON.TOTL.KD,Luxembourg,LUX,14123364600.1226,19807973866.4719,28375941961.9746,29136275612.7394,29898811646.5922,30892081981.1793,31988953081.9285,32826012877.6187,31797184873.9129,34652661644.125,35489728096.8925,36725954016.7043
Final consumption expenditure (constant 2015 US$),NE.CON.TOTL.KD,"Macao SAR, China",MAC,4759345035.87648,6849933112.54974,15902433452.1366,16283863663.6877,16323273333.3114,16636819855.8192,17291115823.1104,17862058683.8784,16575045672.532,17527357768.898,17108932340.5954,18059057250.63
Final consumption expenditure (constant 2015 US$),NE.CON.TOTL.KD,Madagascar,MDG,6166012377.49854,7162965804.19438,9758991850.6205,10014897570.4307,10332538643.9367,10634754675.8626,10368336145.7809,10650012852.3154,11110637412.0728,11407790001.8301,10911215814.5441,9813335486.07436
Final consumption expenditure (constant 2015 US$),NE.CON.TOTL.KD,Malawi,MWI,..,..,..,..,..,..,..,..,..,..,..,..
Final consumption expenditure (constant 2015 US$),NE.CON.TOTL.KD,Malaysia,MYS,43287085213.8039,73970002924.0859,191140403621.155,202053967564.667,211983396466.619,226130522796.86,242244208287.095,258193549650.825,251560633558.776,257921884913.919,284082930354.009,296620206304.247
Final consumption expenditure (constant 2015 US$),NE.CON.TOTL.KD,Maldives,MDV,..,..,2327159632.97961,2434756581.71243,2671039688.02285,2827014952.07554,3109681677.68007,3408723578.11311,2954202368.56993,3206036893.51017,3510874764.7482,3821296083.82569
Final consumption expenditure (constant 2015 US$),NE.CON.TOTL.KD,Mali,MLI,4011939735.77058,5628737866.94893,11648353394.5884,12422179778.9935,13159754480.6653,13637969857.5162,14026109543.8944,14563385586.0663,14898007962.9988,15410128285.6407,16115196953.5733,16860721775.5433
Final consumption expenditure (constant 2015 US$),NE.CON.TOTL.KD,Malta,MLT,..,5155908824.62587,7193197351.36958,7516176705.54402,7782238021.69321,8299936979.63821,9114319823.89803,9711792796.15132,9247794287.33735,10169799932.5416,10952006887.8593,11918393069.5354
Final consumption expenditure (constant 2015 US$),NE.CON.TOTL.KD,Marshall Islands,MHL,..,..,243293900,245388100,259030300,276132300,284871600,311103000,297207700,295585900,292780300,265223500
Final consumption expenditure (constant 2015 US$),NE.CON.TOTL.KD,Mauritania,MRT,2550003512.01028,2774307322.51524,4626763236.74465,4840681048.64216,5035515832.87275,5201359665.53526,5411264576.24297,5624112010.10713,5621029671.46009,6044938699.55732,6415395515.02111,6777645214.35821
Final consumption expenditure (constant 2015 US$),NE.CON.TOTL.KD,Mauritius,MUS,3652874505.97181,5883228181.94453,10140621738.0155,10417580662.1844,10749770674.9984,11054369531.7692,11434708745.6865,11771997501.3181,10258698240.4264,10468097928.1651,10872189715.3888,11031192262.7588
Final consumption expenditure (constant 2015 US$),NE.CON.TOTL.KD,Mexico,MEX,522897130820.194,746379574592.243,958935661431.559,983381235815.878,1002261888096.62,1017569495723.03,1034741225852.43,1040131047244.75,951092272581.804,1018327391210.72,1063802519587.42,1112805100073.79
Final consumption expenditure (constant 2015 US$),NE.CON.TOTL.KD,"Micronesia, Fed. Sts.",FSM,..,..,..,..,..,..,..,..,..,..,..,..
Final consumption expenditure (constant 2015 US$),NE.CON.TOTL.KD,Moldova,MDA,..,3727386749.07545,8082519130.67704,7898294622.70455,8013715824.39803,8416995840.17476,8654811258.10789,8978825196.32008,8462354876.94186,9711858228.52482,9270142914.4833,9199884904.78218
Final consumption expenditure (constant 2015 US$),NE.CON.TOTL.KD,Monaco,MCO,..,..,..,..,..,..,..,..,..,..,..,..
Final consumption expenditure (constant 2015 US$),NE.CON.TOTL.KD,Mongolia,MNG,..,..,8454625616.63045,8920790763.39191,9276732822.50937,9545301961.23277,10461584999.0612,11196418369.5035,11699269788.76,11388415530.8302,12275573135.9798,13283663513.047
Final consumption expenditure (constant 2015 US$),NE.CON.TOTL.KD,Montenegro,MNE,..,..,3903658125.9568,3988138192.11447,4166834721.9795,4285748590.71993,4496941085.01299,4615917502.73162,4451431392.61156,4596844785.05879,4962912089.8786,5250748325.51356
Final consumption expenditure (constant 2015 US$),NE.CON.TOTL.KD,Morocco,MAR,35115986355.3965,45984517227.6683,83229255798.1516,85150897940.139,86887473054.1004,89837446973.2668,92339922603.0305,94902013112.3708,90713183918.1169,97076910508.6788,97793089570.8708,101641974075.259
Final consumption expenditure (constant 2015 US$),NE.CON.TOTL.KD,Mozambique,MOZ,..,4596928189.50036,14380640270.0256,14810284683.7342,16273008754.5586,16459051724.6055,16773224079.6259,17756381723.2401,17329110908.1831,17936427794.5519,19152656332.1077,20801235485.9621
Final consumption expenditure (constant 2015 US$),NE.CON.TOTL.KD,Myanmar,MMR,..,..,..,..,..,..,..,..,..,..,..,..
Final consumption expenditure (constant 2015 US$),NE.CON.TOTL.KD,Namibia,NAM,3009424298.82934,4508960053.39576,9600921819.03615,10875035462.4904,12139804001.2821,11465310088.4565,11441787230.3362,11477593830.9201,10662686621.0404,11806107474.188,12646243840.4955,13126440194.7505
Final consumption expenditure (constant 2015 US$),NE.CON.TOTL.KD,Nauru,NRU,..,..,..,..,..,..,..,..,..,..,..,..
Final consumption expenditure (constant 2015 US$),NE.CON.TOTL.KD,Nepal,NPL,..,..,21770430392.8369,22503227656.416,23094838487.8373,23663913341.6668,25030089632.0482,27105124445.3126,28085423225.9212,30067979358.1333,32194996567.4682,31795819662.5072
Final consumption expenditure (constant 2015 US$),NE.CON.TOTL.KD,Netherlands,NLD,348255397294.7,468273751074.344,537069948853.934,544355871475.781,551652028244.531,562209459466.162,574297386054.507,583775770499.977,564096684307.958,589669856909.589,618108791465.929,627780601731.673
Final consumption expenditure (constant 2015 US$),NE.CON.TOTL.KD,New Caledonia,NCL,..,..,..,7793247760.45321,..,..,..,..,..,..,..,..
Final consumption expenditure (constant 2015 US$),NE.CON.TOTL.KD,New Zealand,NZL,65992184661.5178,83641801983.9956,130212838438.606,135072089820.255,142282811067.139,148764078871.668,155137362924.737,160067596715.424,163348629508.883,173314059171.185,177650762391.255,178249578967.555
Final consumption expenditure (constant 2015 US$),NE.CON.TOTL.KD,Nicaragua,NIC,4548315833.46015,6510022895.88284,10242881668.3502,10785767782.0749,11445724330.5866,11732862843.3026,11243517938.2906,11104161315.1055,11121419521.9748,12117027810.3864,12580281568.0053,13302204591.5755
Final consumption expenditure (constant 2015 US$),NE.CON.TOTL.KD,Niger,NER,3659967826.27938,4264737082.72261,7735536813.92143,8118361013.89185,8731793155.58807,9386268043.19423,9975377720.2832,10457738309.5014,11009971719.3011,11371179068.923,11989561424.4088,12493123004.3083
Final consumption expenditure (constant 2015 US$),NE.CON.TOTL.KD,Nigeria,NGA,..,..,..,..,..,..,..,..,..,..,..,..
Final consumption expenditure (constant 2015 US$),NE.CON.TOTL.KD,North Macedonia,MKD,5320945984.04861,6076619049.46698,8278883986.92301,8637239177.61243,8822434018.71449,8929757237.96465,9223615075.69252,9547559142.20712,9431962210.04061,10094611399.0683,10462697604.3809,10532648086.3101
Final consumption expenditure (constant 2015 US$),NE.CON.TOTL.KD,Northern Mariana Islands,MNP,..,..,..,..,..,..,..,..,..,..,..,..
Final consumption expenditure (constant 2015 US$),NE.CON.TOTL.KD,Norway,NOR,121694657435.156,168685129688.953,251061899348.972,257593014363.956,261569370672.729,267103978505.735,270149550480.521,273004030174.641,261538989356.205,273415976025.628,285198222589.646,287273204505.529
Final consumption expenditure (constant 2015 US$),NE.CON.TOTL.KD,Oman,OMN,..,17204959093.5187,47670219621.0088,47778933680.104,47136881236.9769,49937611197.0562,50725724176.0501,50014094735.102,50100554386.806,51574972825.9235,55304248749.5692,..
Final consumption expenditure (constant 2015 US$),NE.CON.TOTL.KD,Pakistan,PAK,103918870070.561,152240588378.662,265050654948.321,272751237751.512,295899150634.514,315560610762.43,337685675007.827,353787954269.011,347999933608.693,377764658607.065,400659325529.739,408224544707.454
Final consumption expenditure (constant 2015 US$),NE.CON.TOTL.KD,Palau,PLW,..,..,271058343.923962,286633300,305798807.976213,309857860.253388,311015224.077764,309331785.787763,321852358.069648,306070124.100885,298494651.795878,284606285.903367
Final consumption expenditure (constant 2015 US$),NE.CON.TOTL.KD,Panama,PAN,..,15257813494.7617,32272379878.4909,33203900100,35563504438.0509,36697348613.2242,38269861590.8266,38531982282.0004,41506321584.188,39504211178.909,41829271383.2392,43114885190.6934
Final consumption expenditure (constant 2015 US$),NE.CON.TOTL.KD,Papua New Guinea,PNG,..,..,..,..,..,..,..,..,..,..,..,..
Final consumption expenditure (constant 2015 US$),NE.CON.TOTL.KD,Paraguay,PRY,12351688287.0751,15090859911.2639,26703834604.8189,27363928585.0092,28266482044.2642,29526559840.2918,30751374000.0675,31442919949.0614,30738424329.0773,32433477629.3,32942841050.0373,33889412998.0074
Final consumption expenditure (constant 2015 US$),NE.CON.TOTL.KD,Peru,PER,49035793492.3805,67788816857.8468,141998547355.628,148583471060.366,154482205596.921,158718730285.538,164513350589.78,169940556190.028,158203384934.859,175830447046.618,180944103993.567,182144834541.522
Final consumption expenditure (constant 2015 US$),NE.CON.TOTL.KD,Philippines,PHL,89481604343.5386,124447313790.157,239629434140.066,255528448685.84,274538788058.017,291095415439.183,310853885703.111,330523569387.943,313137759806.384,327917959564.115,353292446355.32,369940374239.243
Final consumption expenditure (constant 2015 US$),NE.CON.TOTL.KD,Poland,POL,..,235669239952.248,357526011407.348,370267940045.099,382683247115.002,402952274837.512,421279957554.052,438074784454.172,432242286775.434,457715744793.739,476122827961.268,479528531635.495
Final consumption expenditure (constant 2015 US$),NE.CON.TOTL.KD,Portugal,PRT,114605862535.337,157571715939.403,163336054802.073,165841592316.094,169236172523.758,171615641635.583,175236946364.394,180778441782.007,171349587101.488,179302352489.397,187708733346.535,190821381890.639
Final consumption expenditure (constant 2015 US$),NE.CON.TOTL.KD,Puerto Rico,PRI,41613660098.2412,60379180888.0867,72834798469.7609,70740800000,69618472435.0596,71019470130.7161,72468137699.0539,75871865920.7336,72448871125.5119,86746555626.1555,91803633931.9984,94477119291.5414
Final consumption expenditure (constant 2015 US$),NE.CON.TOTL.KD,Qatar,QAT,..,..,..,68767740989.011,..,..,..,..,..,..,..,..
Final consumption expenditure (constant 2015 US$),NE.CON.TOTL.KD,Romania,ROU,69067405796.627,70682943349.8364,128265765365.892,133994063909.956,140670767973.217,154914260626.848,169155695376.735,175785767341.17,171623410071.633,180534956442.185,187080448562.765,193964918587.963
Final consumption expenditure (constant 2015 US$),NE.CON.TOTL.KD,Russian Federation,RUS,529970139425.302,468459225378.495,1043673254490.78,960507994646.988,945789365707.622,977946989751.389,1011829874330.17,1046127067903.15,1004988900524.54,1086273399944.71,1082396833487.61,1153951940544.25
Final consumption expenditure (constant 2015 US$),NE.CON.TOTL.KD,Rwanda,RWA,1988300738.40838,2895604325.08625,7280565331.19622,8073632795.33954,8475458451.04628,8508013736.43581,9262728404.88164,9684368786.55279,9817936126.70972,10546146587.9946,11789940427.0691,12574276605.5901
Final consumption expenditure (constant 2015 US$),NE.CON.TOTL.KD,Samoa,WSM,..,..,696864357.292253,695737106.291417,714272419.194636,734657231.032461,734133065.893799,752275501.570283,774716609.301041,838865017.55368,822376793.125651,843242075.972401
Final consumption expenditure (constant 2015 US$),NE.CON.TOTL.KD,San Marino,SMR,..,..,..,856927165.544449,851703421.739402,843250175.806276,835715503.126019,847770862.912404,826763691.933253,851378454.011459,936046292.873635,..
Final consumption expenditure (constant 2015 US$),NE.CON.TOTL.KD,Sao Tome and Principe,STP,..,..,..,..,..,..,..,..,..,..,..,..
Final consumption expenditure (constant 2015 US$),NE.CON.TOTL.KD,Saudi Arabia,SAU,..,186523411600.515,451807125775.935,469660266666.667,442666588175.923,461305477130.203,484972159073.39,498767259332.125,479523394099.803,508990438409.571,542044820476.558,571714020854.575
Final consumption expenditure (constant 2015 US$),NE.CON.TOTL.KD,Senegal,SEN,6649426836.95696,9243158572.26707,14764846708.8818,15450296452.0164,16242684768.8974,17012553301.2905,17784943424.2937,18572793851.2684,18956443504.9595,19941343786.148,20558811768.0472,21807435057.5523
Final consumption expenditure (constant 2015 US$),NE.CON.TOTL.KD,Serbia,SRB,..,25313714723.733,36876717550.395,36442318442.204,36862556471.4046,37665212582.2939,38800281336.2534,40231535753.751,39863817044.6719,42611903448.2477,43875093271.1465,43817504404.5513
Final consumption expenditure (constant 2015 US$),NE.CON.TOTL.KD,Seychelles,SYC,552281793.223467,610811623.011752,1131560462.98003,1152028173.51007,1366987198.69313,1465887997.7739,1618814982.98537,1648654478.80094,1668121382.22655,1805524467.42323,1828882643.2865,1908055412.54286
Final consumption expenditure (constant 2015 US$),NE.CON.TOTL.KD,Sierra Leone,SLE,1897224190.17998,1566943804.70498,4714153014.22954,4781426615.44523,5318514981.08019,5282345307.90704,6044699765.16692,6567422646.9675,6165550840.12883,6512779311.47675,6961654118.45271,7081602576.43153
Final consumption expenditure (constant 2015 US$),NE.CON.TOTL.KD,Singapore,SGP,39589860921.2082,79203390613.3508,137689023839.398,145834197079.628,150693724655.865,155534194315.64,161781199134.435,166394385030.822,154133383957.958,164830738894.041,173963416943.975,180000416562.108
Final consumption expenditure (constant 2015 US$),NE.CON.TOTL.KD,Sint Maarten (Dutch part),SXM,..,..,..,..,..,..,..,..,..,..,..,..
Final consumption expenditure (constant 2015 US$),NE.CON.TOTL.KD,Slovak Republic,SVK,..,40791572058.6695,62145445768.8297,64440950273.6304,66575157122.9308,69672624202.1527,71760329147.1812,74126252216.1242,74171555846.4742,76538621713.6945,78797080692.5902,76286109893.9429
Final consumption expenditure (constant 2015 US$),NE.CON.TOTL.KD,Slovenia,SVN,19083402035.1976,24310690059.2633,30206712568.8695,30930796214.4719,32055581550.0363,32721221604.125,33737600873.198,35276914648.3676,34053295014.0191,37211744250.2484,38535948994.7222,38816486000.5781
Final consumption expenditure (constant 2015 US$),NE.CON.TOTL.KD,Solomon Islands,SLB,1269603342.62493,832732940.275369,1178353489.96127,1216548117.05172,1261299645.86099,1238458422.38373,1358600829.39203,1406900640.40716,1212810952.90335,1134829693.77836,1121203210.78247,..
Final consumption expenditure (constant 2015 US$),NE.CON.TOTL.KD,Somalia,SOM,..,..,7350713700.35928,7972453929.99832,8586346750.38755,9952413677.91626,10163451491.1771,10253549948.3847,10235820557.8135,10532583371.3787,11071572994.8586,11577824029.2587
Final consumption expenditure (constant 2015 US$),NE.CON.TOTL.KD,South Africa,ZAF,139924553161.787,171326158312.877,282587321841.154,286611792560.408,289446728634.506,293070626216.6,300948826244.834,305184873214.804,291362822464.649,305414199487.087,311630762703.224,314690929376.426
Final consumption expenditure (constant 2015 US$),NE.CON.TOTL.KD,South Sudan,SSD,..,..,12337409230.6069,10377844986.4047,..,..,..,..,..,..,..,..
Final consumption expenditure (constant 2015 US$),NE.CON.TOTL.KD,Spain,ESP,586189654482.643,754035767124.304,911226646092.539,936119325591.015,956866220303.127,981326452728.814,999209045605.182,1013135116623.09,929578692734.649,986597234767.705,1022938663792.39,1050197644703.71
Final consumption expenditure (constant 2015 US$),NE.CON.TOTL.KD,Sri Lanka,LKA,..,..,..,62029787551.5543,63607139532.0678,63686011097.5739,67819765289.9495,70673809712.0833,67185420132.9829,68438196675.5533,68305151204.9433,66822626796.6385
Final consumption expenditure (constant 2015 US$),NE.CON.TOTL.KD,St. Kitts and Nevis,KNA,..,..,..,..,..,..,..,..,..,..,..,..
Final consumption expenditure (constant 2015 US$),NE.CON.TOTL.KD,St. Lucia,LCA,..,..,..,..,..,..,..,..,..,..,..,..
Final consumption expenditure (constant 2015 US$),NE.CON.TOTL.KD,St. Martin (French part),MAF,..,..,..,..,..,..,..,..,..,..,..,..
Final consumption expenditure (constant 2015 US$),NE.CON.TOTL.KD,St. Vincent and the Grenadines,VCT,..,..,..,..,..,..,..,..,..,..,..,..
Final consumption expenditure (constant 2015 US$),NE.CON.TOTL.KD,Sudan,SDN,18542049977.457,27029645297.9291,45891731925.966,47323474747.4747,49571348482.4623,50554216120.51,49506897565.7101,48841173479.9377,46856498735.6726,45979416725.1822,45758216683.6014,36583812595.1999
Final consumption expenditure (constant 2015 US$),NE.CON.TOTL.KD,Suriname,SUR,..,..,..,..,..,..,..,..,..,..,..,..
Final consumption expenditure (constant 2015 US$),NE.CON.TOTL.KD,Sweden,SWE,237806889499.693,276402719632.429,353670456852.13,365997422002.332,376165932433.619,382389881887.714,388168180016.043,390058034527.227,380306215064.916,399383085296.314,407586210686.252,402736980593.094
Final consumption expenditure (constant 2015 US$),NE.CON.TOTL.KD,Switzerland,CHE,306962071482.193,352865103590.688,437677302897.646,447051728333.255,453288287403.293,458352818331.077,461500093648.939,466785363481.166,457069585828.467,466631725837.025,481559788738.86,489367842346.448
Final consumption expenditure (constant 2015 US$),NE.CON.TOTL.KD,Syrian Arab Republic,SYR,16087345524.7381,21983760410.6737,23574999479.5458,18037876696.334,17514255356.1436,13429130429.4328,11308226749.7685,13231986930.7289,10400930625.2248,13080241902.3723,8142997946.78677,..
Final consumption expenditure (constant 2015 US$),NE.CON.TOTL.KD,Tajikistan,TJK,..,4020129521.50354,7928446905.23146,6848206840.79176,7688886839.86186,8050824707.67058,8376287915.95742,8765979513.06841,9048801524.37879,9465138447.4764,10821383061.5107,..
Final consumption expenditure (constant 2015 US$),NE.CON.TOTL.KD,Tanzania,TZA,11349933496.1135,15616464213.255,32790760012.0123,34986335410.2141,35476413461.188,36810628709.2572,38887155868.3419,40066365503.7935,40775445164.2804,42083701898.8866,44246416106.8687,45769716669.2841
Final consumption expenditure (constant 2015 US$),NE.CON.TOTL.KD,Thailand,THA,..,152874976729.996,267851931377.819,274750897994.164,282237728284.681,288994118920.124,300915876603.858,311157190019.408,310346448110.74,314625155425.495,329166346450.222,343094403358.622
Final consumption expenditure (constant 2015 US$),NE.CON.TOTL.KD,Timor-Leste,TLS,..,1518293350.40612,1844709854.66841,1861060200,1886272773.21926,1860914104.72706,1878836592.91796,1955522822.74555,1981782225.95125,1983662674.9549,2123010548.07667,2154581379.21211
Final consumption expenditure (constant 2015 US$),NE.CON.TOTL.KD,Togo,TGO,2158386378.55065,3011664530.21886,4915116288.91285,5241042060.19956,5610409899.36669,5681969656.3638,5892355517.50578,6209107461.59468,5896205562.87544,6496213523.26648,6824533228.48026,7098828541.81971
Final consumption expenditure (constant 2015 US$),NE.CON.TOTL.KD,Tonga,TON,..,99343651.6620151,476494779.75195,505974432.827094,531031896.547249,536074000.072593,557177787.308806,571822961.711495,592650699.663884,678107851.544113,568294797.192773,..
Final consumption expenditure (constant 2015 US$),NE.CON.TOTL.KD,Trinidad and Tobago,TTO,..,..,..,..,..,..,..,..,..,..,..,..
Final consumption expenditure (constant 2015 US$),NE.CON.TOTL.KD,Tunisia,TUN,10139780967.0312,15425684999.0792,39359402369.5012,40610922067.1637,41707977215.5831,42275876581.4471,42277915717.4107,43182272517.2694,42369676835.7729,43295444563.2495,43957144183.4393,43541160446.8639
Final consumption expenditure (constant 2015 US$),NE.CON.TOTL.KD,Turkiye,TUR,230629018023.764,329751287264.985,607458483104.48,638095113729.403,669083594313.194,707526209300.911,719452216114.015,733819796204.789,755882745537.502,852626396100.712,990014754801.59,1106187917986.31
Final consumption expenditure (constant 2015 US$),NE.CON.TOTL.KD,Turkmenistan,TKM,..,..,..,..,..,..,..,..,..,..,..,..
Final consumption expenditure (constant 2015 US$),NE.CON.TOTL.KD,Turks and Caicos Islands,TCA,..,..,..,..,..,..,..,..,..,..,..,..
Final consumption expenditure (constant 2015 US$),NE.CON.TOTL.KD,Tuvalu,TUV,..,..,..,..,..,..,..,..,..,..,..,..
Final consumption expenditure (constant 2015 US$),NE.CON.TOTL.KD,Uganda,UGA,6371415945.01467,11281206073.1029,24865699291.0373,27757538861.4008,27903352044.7773,28219988231.2733,30986521307.8003,33153212152.0368,34226567866.9388,36289883743.702,37865535920.0013,39276460302.7464
Final consumption expenditure (constant 2015 US$),NE.CON.TOTL.KD,Ukraine,UKR,73182499614.3846,40493723095.2297,93013317991.9358,78903768777.2108,80467122960.4549,87239880434.7635,93438911969.7018,98372439425.0889,99533800157.6047,105029234789.98,88780030239.6391,95187722138.6127
Final consumption expenditure (constant 2015 US$),NE.CON.TOTL.KD,United Arab Emirates,ARE,..,..,194816550673.753,198073893032.038,203713784292.558,217154546122.095,219458645744.306,234274639483.587,230733201811.954,241721810654.226,276385446586.862,308668621230.46
Final consumption expenditure (constant 2015 US$),NE.CON.TOTL.KD,United Kingdom,GBR,1408387891556.39,1859988720703.62,2390108070953.31,2448971158760.29,2522126164090.35,2561458236236.09,2604226993948.24,2648959932976.1,2339597221724.05,2554471500940.84,2697056951461.96,2715025026070.31
Final consumption expenditure (constant 2015 US$),NE.CON.TOTL.KD,United States,USA,8119749843000,11152941316000,14455775203000,14901426000000,15248981880194.3,15579502482339.6,15970931357509.1,16361516352775.2,16102108449152,17275101514808.6,17678584148597.6,18137206109404.7
Final consumption expenditure (constant 2015 US$),NE.CON.TOTL.KD,Uruguay,URY,19905720957.2084,30316453265.9114,46605888780.1842,46529075497.8334,46737601603.9394,48450640582.5484,49450773820.1159,50034768527.3448,46118947313.5659,47802657412.644,50204026758.9294,51617575220.5318
Final consumption expenditure (constant 2015 US$),NE.CON.TOTL.KD,Uzbekistan,UZB,..,26942097659.1426,61028676385.9945,67681255435.034,72612833491.7972,75293053383.5289,79745496327.2276,84460975971.701,83052932640.4449,91403394438.7417,100332938684.919,105664536645.5
Final consumption expenditure (constant 2015 US$),NE.CON.TOTL.KD,Vanuatu,VUT,..,..,599462174.642603,620786467.70463,661834471.548022,676302727.124385,700576124.546053,707255719.890542,726802988.530732,752588747.162474,772388076.004343,..
Final consumption expenditure (constant 2015 US$),NE.CON.TOTL.KD,"Venezuela, RB",VEN,..,..,..,..,..,..,..,..,..,..,..,..
Final consumption expenditure (constant 2015 US$),NE.CON.TOTL.KD,Viet Nam,VNM,..,63131165399.5566,154126402983.927,167451023092.44,177592939005.391,189963737901.562,202457979256.211,216213641107.747,217297467496.614,222747630628.875,238544407684.927,246938579347.927
Final consumption expenditure (constant 2015 US$),NE.CON.TOTL.KD,Virgin Islands (U.S.),VIR,..,..,3567740222.72012,3599000000,3585304682.40916,3661741214.29483,4067943523.6437,4003302836.23945,3803195669.71073,3833710783.69433,3750382358.88429,..
Final consumption expenditure (constant 2015 US$),NE.CON.TOTL.KD,West Bank and Gaza,PSE,..,8334043700,15212100000,15842800000,17153700000,16513900000,16889000000,17328800000,15494900000,16752100000,18756900000,17936800000
Final consumption expenditure (constant 2015 US$),NE.CON.TOTL.KD,"Yemen, Rep.",YEM,22376596901.4314,30813750884.1026,58821766107.0917,47491022544.3914,46098348996.9101,45403566747.8696,46791551548.311,..,..,..,..,..
Final consumption expenditure (constant 2015 US$),NE.CON.TOTL.KD,Zambia,ZMB,..,..,..,13043026599.3156,..,..,..,..,..,..,..,..
Final consumption expenditure (constant 2015 US$),NE.CON.TOTL.KD,Zimbabwe,ZWE,..,..,18251286907.5221,21638589200,20177937325.505,20969044117.6135,20871984143.6483,19276139326.2848,18491375074.0025,20513882460.6781,22224091418.5327,22449951930.8492
Final consumption expenditure (constant 2015 US$),NE.CON.TOTL.KD,Africa Eastern and Southern,AFE,301498303416.621,386096741393.011,714272639833.734,741001166731.682,755196197303.292,773326426596.991,790757854239.352,808946686881.386,789982571501.923,826443557699.435,853145265996.164,860547807901.181
Final consumption expenditure (constant 2015 US$),NE.CON.TOTL.KD,Africa Western and Central,AFW,..,..,..,..,..,..,..,..,..,..,..,..
Final consumption expenditure (constant 2015 US$),NE.CON.TOTL.KD,Arab World,ARB,..,939563484191.444,1817495346792.69,1832391806166.78,1831780669305.72,1885593847181.35,1930181822508.58,1992703820865.74,1944500449585.46,2032036905028.41,2138902999972.64,2232332249252.32
Final consumption expenditure (constant 2015 US$),NE.CON.TOTL.KD,Caribbean small states,CSS,..,..,..,..,..,..,..,..,..,..,..,..
Final consumption expenditure (constant 2015 US$),NE.CON.TOTL.KD,Central Europe and the Baltics,CEB,..,629824779694.908,931513974120.593,962668906001.363,996457725532.448,1047637424366.12,1097208389600.45,1139464146678.02,1120397010856.9,1180474004235.4,1222949632056.06,1231188446500.42
Final consumption expenditure (constant 2015 US$),NE.CON.TOTL.KD,Early-demographic dividend,EAR,2877098658770.07,4201101926644.44,7488804216293.04,7815703073321.67,8099240764804.4,8444022221252.63,8751669657990.74,8983016317476.79,8679926098119.24,9338934680225.34,9952006442910.26,10384626026101.9
Final consumption expenditure (constant 2015 US$),NE.CON.TOTL.KD,East Asia & Pacific,EAS,..,7101809717700.3,13107662105468.8,13767604453120.3,14423159446569.9,15073698156095.5,15824642523580.1,16460632971821.9,16245900547279.1,17158465476811.7,17649517071473.3,18573925950281.9
Final consumption expenditure (constant 2015 US$),NE.CON.TOTL.KD,East Asia & Pacific (excluding high income),EAP,..,2421420438808.22,6988800990921.15,7558338282826.7,8123113213198.73,8654222542581.07,9286633316702.91,9843932833147.28,9783951613373.58,10537779459987.2,10829787045370.8,11613542315990.4
Final consumption expenditure (constant 2015 US$),NE.CON.TOTL.KD,East Asia & Pacific (IDA & IBRD countries),TEA,..,2418541973633.72,6980377183100.73,7549221435071.9,8113312867345.51,8643765353895.17,9275390294382.3,9831994583851.89,9772100635699.76,10524974466439.5,10816611023583.4,11599376937689.3
Final consumption expenditure (constant 2015 US$),NE.CON.TOTL.KD,Euro area,EMU,6195982524869.27,7636034748808.46,8748841404401.93,8912229235313.14,9082585668662.15,9230408806278.21,9352717008764.52,9493114028648.13,8988478814024.33,9402935686707.87,9757672536476.25,9847559089297.9
Final consumption expenditure (constant 2015 US$),NE.CON.TOTL.KD,Europe & Central Asia,ECS,9925606342516.93,12041108675720.7,15315562180635.4,15538121421188.5,15861967757925.9,16205682818075.6,16499729929642.6,16810220278623.1,15919011154679.9,16864698246251,17565962833709.5,17905747970846.1
Final consumption expenditure (constant 2015 US$),NE.CON.TOTL.KD,Europe & Central Asia (excluding high income),ECA,520305537205.126,556924749707.744,1109571730125.7,1134564702022.79,1177513274534.08,1236925439022.48,1271469016664.15,1314874504894.59,1334211643164.52,1470593124565.84,1618753365975.4,1771445075635.5
Final consumption expenditure (constant 2015 US$),NE.CON.TOTL.KD,Europe & Central Asia (IDA & IBRD countries),TEC,1400628986524.69,1387635887003.99,2719248896527.42,2678244675856.16,2726153687012.59,2854202294353.92,2958585984049.7,3063616282720.09,3029353449932.38,3286488600138.64,3456481451704.3,3690376308732.12
Final consumption expenditure (constant 2015 US$),NE.CON.TOTL.KD,European Union,EUU,7008277905015.45,8584221088851.49,10049159273595.7,10255175652396.2,10467577420018.4,10670781166049.8,10847765279601,11028487083450.6,10495471909858.5,10989399753814.9,11380933134541.4,11476759482904.8
Final consumption expenditure (constant 2015 US$),NE.CON.TOTL.KD,Fragile and conflict affected situations,FCS,..,..,..,..,..,..,..,..,..,..,..,..
Final consumption expenditure (constant 2015 US$),NE.CON.TOTL.KD,Heavily indebted poor countries (HIPC),HPC,..,284140642910.366,528285069034.074,557785929209.098,576333700177.063,597304410970.679,618857583170.059,650815146801.003,654273081204.752,689158909512.395,715599045704.096,732918508470.078
Final consumption expenditure (constant 2015 US$),NE.CON.TOTL.KD,High income,HIC,22349197095996.3,28968303794323.3,37440455722315.1,38237717416530.5,38987095526216.6,39826627028230.2,40688953817689,41495912424331.4,40053639429318.2,42401425927202.3,43732424437661.6,44624283276875.5
Final consumption expenditure (constant 2015 US$),NE.CON.TOTL.KD,IBRD only,IBD,..,7771362796635.35,16489701659041.1,17176447845455.5,17937211546205.2,18822165680689,19764163665785,20560878440215.4,20087775295796.2,21613074398953.6,22463862370383.3,23713100526062.7
Final consumption expenditure (constant 2015 US$),NE.CON.TOTL.KD,IDA & IBRD total,IBT,..,8643038459380.37,18169514731726.3,18915413087655.2,19748647094980.3,20709555352762.8,21747971672971.7,22637620953549.8,22142921260099.7,23803523852671.3,24757831391367.3,26076786841474.7
Final consumption expenditure (constant 2015 US$),NE.CON.TOTL.KD,IDA blend,IDB,..,..,..,..,..,..,..,..,..,..,..,..
Final consumption expenditure (constant 2015 US$),NE.CON.TOTL.KD,IDA only,IDX,..,485154268839.641,907407514624.703,926071499335.899,951608112280.564,981983840777.458,1026816876614.07,1079491220033.91,1079303034968.47,1134055963289.83,1181570236258.42,1202531095172.68
Final consumption expenditure (constant 2015 US$),NE.CON.TOTL.KD,IDA total,IDA,..,988878748854.743,1835517528390.86,1896012005094.54,1973573356249.9,2051858874145.9,2157336379617.75,2262743671171.36,2247908172810.85,2389101684644.86,2507847653861.22,2564226768524.23
Final consumption expenditure (constant 2015 US$),NE.CON.TOTL.KD,Late-demographic dividend,LTE,..,4737507617691.8,10979222902150.6,11432718826653,11952283448610.8,12586869141336.5,13319564741970,13979063763504.5,13751258739242.4,14800630275716.3,15233342291297,16160222690729.8
Final consumption expenditure (constant 2015 US$),NE.CON.TOTL.KD,Latin America & Caribbean,LCN,2061971029346.9,2853282716587.39,4403524769203.98,4445500571160.03,4445165802721.44,4545453735495.38,4627691530868.11,4666050690969.27,4372097082448.73,4683121425630.71,4902567258724.65,5025888174141.03
Final consumption expenditure (constant 2015 US$),NE.CON.TOTL.KD,Latin America & Caribbean (excluding high income),LAC,1820426214956.35,2485835581345.67,3814217986935.43,3849725766219.32,3840455258677.85,3922917154808.65,3988871085206.03,4020110700520.72,3762108010717.14,4002670652222.58,4193769401951.83,4313524639274.83
Final consumption expenditure (constant 2015 US$),NE.CON.TOTL.KD,Latin America & the Caribbean (IDA & IBRD countries),TLA,1954543974694.69,2729067646900.37,4233628038442.45,4273547790642.88,4272021484931.88,4368428177547.7,4446946102552.04,4482031235656.97,4201287486039.7,4493643210642.99,4705761114024.55,4823263385415.64
Final consumption expenditure (constant 2015 US$),NE.CON.TOTL.KD,Least developed countries: UN classification,LDC,..,377719042849.285,751088263390.733,770393440697.244,791296430487.426,820913203115.604,855211394581.694,888906413608.894,887566817890.423,924854936493.879,970856443995.641,978914419855.064
Final consumption expenditure (constant 2015 US$),NE.CON.TOTL.KD,Low & middle income,LMY,..,7638939717071.2,16205110962582.8,17010530262150.5,17824592596398.4,18697933254184.9,19649279604623.1,20467579274723.9,20035224707836.3,21522381062732.7,22435660587546.1,23668643340033.3
Final consumption expenditure (constant 2015 US$),NE.CON.TOTL.KD,Low income,LIC,..,205467556532.02,384571135983.476,379025328797.552,386244649554.556,391277683955.497,399492153073.14,419483025228.472,414364297458.168,428432197838.88,438703781755.895,437846737057.441
Final consumption expenditure (constant 2015 US$),NE.CON.TOTL.KD,Lower middle income,LMC,1209585651035.86,1824486903323.23,3718535055276.36,3949117869911.67,4192413064331.78,4433247897103.76,4687372777198.82,4899765282564.22,4771898599037.8,5131044141562.03,5446178391398.26,5627578571079.56
Final consumption expenditure (constant 2015 US$),NE.CON.TOTL.KD,Middle East & North Africa,MEA,..,1229270322919.9,2262457268760.13,2287991702671.78,2312199205541.52,2375386364716.37,2424707710801.48,2482162978207.17,2424467189417.97,2551317015465.08,2689924678054.45,2806622193001.75
Final consumption expenditure (constant 2015 US$),NE.CON.TOTL.KD,Middle East & North Africa (excluding high income),MNA,459682472943.379,641812273564.239,1180945067327.38,1174324239961.87,1206613522489.55,1220180794290.75,1226605409300.46,1240285723602.85,1227177678688.05,1275344398147.36,1320170286022.13,1354265436060.27
Final consumption expenditure (constant 2015 US$),NE.CON.TOTL.KD,Middle East & North Africa (IDA & IBRD countries),TMN,454604957825.908,633417090880.077,1165757118600.2,1158481439961.87,1189430463285.25,1203665135005.31,1209704975520.36,1222936928486.93,1211718365375.07,1258607511727.55,1301381638378.44,1336533084957.99
Final consumption expenditure (constant 2015 US$),NE.CON.TOTL.KD,Middle income,MIC,..,7442820885180.36,15834053057957,16643447086883.1,17449830334099.5,18317398198246.4,19259980364843.2,20059028083757.2,19631909747782.5,21104264555952.4,22006818740649.5,23238155085412.7
Final consumption expenditure (constant 2015 US$),NE.CON.TOTL.KD,North America,NAC,8802681215531.33,11988593841963.2,15659802685039.7,16130262643757.1,16502818135167.8,16873884815997.4,17300940904935.8,17710729480853.5,17394025357129.7,18634038400156.4,19099175304320.1,19581791621826.7
Final consumption expenditure (constant 2015 US$),NE.CON.TOTL.KD,Not classified,INX,..,..,..,..,..,..,..,..,..,..,..,..
Final consumption expenditure (constant 2015 US$),NE.CON.TOTL.KD,OECD members,OED,21774535424956.6,28457774150028,36180030633334.4,37066445370962,37873070152099.7,38653147224794.1,39434816322627,40177053959142.9,38782461238270.2,41132261417618,42551701225022.3,43407419831830.5
Final consumption expenditure (constant 2015 US$),NE.CON.TOTL.KD,Other small states,OSS,..,65098898776.7118,105563208167.182,108854357703.922,112213850913.005,117024434162.983,121998389556.065,126250834563.913,122680101321.594,129680273282.605,136906041749.307,142078354520.462
Final consumption expenditure (constant 2015 US$),NE.CON.TOTL.KD,Pacific island small states,PSS,..,..,..,8165673747.57575,..,..,..,..,..,..,..,..
Final consumption expenditure (constant 2015 US$),NE.CON.TOTL.KD,Post-demographic dividend,PST,20852781547097.3,26986454228905.4,34029852554797,34827509457606.4,35551424958625.5,36254113200339.5,36983960727941.4,37673744417241.6,36355357252113,38439473574423.7,39589503067809.4,40305517072038.4
Final consumption expenditure (constant 2015 US$),NE.CON.TOTL.KD,Pre-demographic dividend,PRE,..,..,..,..,..,..,..,..,..,..,..,..
Final consumption expenditure (constant 2015 US$),NE.CON.TOTL.KD,Small states,SST,..,89691913242.5477,137168737414.219,141448227072.698,145620301538.763,152002674614.582,157987475007.246,162285585305.692,156295184493.559,166255510132.896,175078587160.468,182094950049.632
Final consumption expenditure (constant 2015 US$),NE.CON.TOTL.KD,South Asia,SAS,574892071262.246,889468523450.686,1860368328689.64,1989135412557.89,2135164532297.57,2278269437572.8,2441237739650.94,2563488104164.89,2472566640941.82,2700789107854.99,2884047914796.74,2977313254239.39
Final consumption expenditure (constant 2015 US$),NE.CON.TOTL.KD,South Asia (IDA & IBRD),TSA,574892071262.246,889468523450.686,1860368328689.64,1989135412557.89,2135164532297.57,2278269437572.8,2441237739650.94,2563488104164.89,2472566640941.82,2700789107854.99,2884047914796.74,2977313254239.39
Final consumption expenditure (constant 2015 US$),NE.CON.TOTL.KD,Sub-Saharan Africa,SSF,..,711590216550.558,1320887382070.02,1372163179844.98,1401696838159.93,1438184636857.49,1478055703168.69,1525694116376.48,1500864567978.37,1572899433507.69,1628366346456.12,1657298321271.45
Final consumption expenditure (constant 2015 US$),NE.CON.TOTL.KD,Sub-Saharan Africa (excluding high income),SSA,..,710965645091.19,1319701881643.22,1370966030084.55,1400195299379.85,1436551241625.66,1476212503861.15,1523824235498.32,1498957284144.18,1570816594554.7,1626269573621.13,1655095379767.99
Final consumption expenditure (constant 2015 US$),NE.CON.TOTL.KD,Sub-Saharan Africa (IDA & IBRD countries),TSS,..,711590216550.559,1320887382070.02,1372163179844.98,1401696838159.93,1438184636857.49,1478055703168.69,1525694116376.48,1500864567978.37,1572899433507.69,1628366346456.12,1657298321271.45
Final consumption expenditure (constant 2015 US$),NE.CON.TOTL.KD,Upper middle income,UMC,..,5659451884994.67,12180708761916.3,12768655582291.8,13341968964087.6,13977136369288.5,14673773497410.7,15266966641722.2,14962366932620.2,16083416541094.9,16687969875464,17730214560896.6
Final consumption expenditure (constant 2015 US$),NE.CON.TOTL.KD,World,WLD,27874790135688.9,36907658281729.8,53870557608560,55469403324267.3,57029409176375.4,58738808510189.1,60548009368941.5,62170282278610.4,60283684912545.4,64124686848922.8,66371144218281.5,68482502331006.5
,,,,,,,,,,,,,,,
,,,,,,,,,,,,,,,
,,,,,,,,,,,,,,,
Data from database: World Development Indicators,,,,,,,,,,,,,,,
Last Updated: 12/16/2024,,,,,,,,,,,,,,,
